52522060259,2022:05:28 21:19:31,2022:05:28 21:19:31,2022:05:28 21:19:31,Slow Shutter Cam by Cogitap Software,3.99mm f/1.8,iPhone 8 back camera 3.99mm f/1.8,1.02,2000,1/11,1.8,4.0 mm,28 mm,-6.394906413,
52992480886,2023:02:20 15:23:37,2023:02:20 15:23:37,2023:02:20 15:23:37,16.1.2,3.99mm f/1.8,iPhone 8 back camera 3.99mm f/1.8,,20,1/571,1.8,4.0 mm,28 mm,7.942151345,2015 1511 2217 1330
52992601779,2023:03:07 14:42:56,2023:03:07 14:42:56,2023:03:07 14:42:56,16.1.2,3.99mm f/1.8,iPhone 8 back camera 3.99mm f/1.8,,40,1/24,1.8,4.0 mm,28 mm,3.019350712,2015 1511 2217 1330
52412211151,2022:09:04 12:32:47,2022:09:04 12:32:47,2022:09:04 12:32:47,15.2.1,2.869999885mm f/2.2,iPhone 8 front camera 2.87mm f/2.2,,50,1/120,2.2,2.9 mm,32 mm,5.502394177,
53021455600,2023:06:30 17:38:09,2023:06:30 17:38:09,2023:06:30 17:38:09,16.1.2,2.869999885mm f/2.2,iPhone 8 front camera 2.87mm f/2.2,,1250,1/15,2.2,2.9 mm,32 mm,-3.090797846,
52522329423,2022:05:28 21:53:24,2022:05:28 21:53:24,2022:05:28 21:53:24,Slow Shutter Cam by Cogitap Software,3.99mm f/1.8,iPhone 8 back camera 3.99mm f/1.8,1.02,640,1/4,1.8,4.0 mm,28 mm,-2.989531536,
52522059869,2022:05:28 21:54:21,2022:05:28 21:54:21,2022:05:28 21:54:21,Slow Shutter Cam by Cogitap Software,3.99mm f/1.8,iPhone 8 back camera 3.99mm f/1.8,1.02,640,0.3,1.8,4.0 mm,28 mm,-2.510945354,
52470712881,2022:10:26 17:34:29,2022:10:26 17:34:29,2022:10:26 17:34:29,15.2.1,3.99mm f/1.8,iPhone 8 back camera 3.99mm f/1.8,,32,1/30,1.8,4.0 mm,28 mm,3.713681241,2015 1511 2217 1330
52410085736,2022:08:16 12:28:30,2022:08:16 12:28:30,2022:08:16 12:28:30,15.2.1,3.99mm f/1.8,iPhone 8 back camera 3.99mm f/1.8,,32,1/30,1.8,4.0 mm,28 mm,3.826155938,2015 1511 2217 1330
53126138403,2023:08:16 08:26:08,2023:08:16 08:26:08,2023:08:16 08:26:08,16.1.2,3.99mm f/1.8,iPhone 8 back camera 3.99mm f/1.8,,100,1/11,1.8,4.0 mm,28 mm,0.4919916435,2015 1511 2217 1330
52419095505,2022:10:09 14:03:22,2022:10:09 14:03:22,2022:10:09 14:03:22,Instagram,3.99mm f/1.8,iPhone 8 back camera 3.99mm f/1.8,1.02,125,1/40,1.8,4.0 mm,96 mm,2.116269285,
52989740624,2022:12:28 13:39:35,2022:12:28 13:39:35,2022:12:28 13:39:35,16.1.2,3.99mm f/1.8,iPhone 8 back camera 3.99mm f/1.8,,20,1/292,1.8,4.0 mm,28 mm,7.202550563,2015 1511 2217 1330
52410408524,2022:08:19 14:44:37,2022:08:19 14:44:37,2022:08:19 14:44:37,Slow Shutter Cam by Cogitap Software,3.99mm f/1.8,iPhone 8 back camera 3.99mm f/1.8,1.02,20,1/1372,1.8,4.0 mm,28 mm,9.344807238,
52470709401,2022:10:27 14:42:09,2022:10:27 14:42:09,2022:10:27 14:42:09,15.2.1,3.99mm f/1.8,iPhone 8 back camera 3.99mm f/1.8,,20,1/1372,1.8,4.0 mm,28 mm,9.4017106,2053 704 133 133
53125072392,2023:08:15 12:28:29,2023:08:15 12:28:29,2023:08:15 12:28:29,16.1.2,3.99mm f/1.8,iPhone 8 back camera 3.99mm f/1.8,,40,1/20,1.8,4.0 mm,101 mm,2.594290716,2009 1512 2220 1329
52409587537,2022:08:19 00:08:44,2022:08:19 00:08:44,2022:08:19 00:08:44,15.2.1,3.99mm f/1.8,iPhone 8 back camera 3.99mm f/1.8,,400,1/4,1.8,4.0 mm,28 mm,-4.105759682,2015 1511 2217 1330
52992472731,2023:02:23 11:29:49,2023:02:23 11:29:49,2023:02:23 11:29:49,16.1.2,3.99mm f/1.8,iPhone 8 back camera 3.99mm f/1.8,,25,1/30,1.8,4.0 mm,28 mm,3.995485327,2015 1511 2217 1330
53011487570,2023:06:29 10:54:28,2023:06:29 10:54:28,2023:06:29 10:54:28,16.1.2,3.99mm f/1.8,iPhone 8 back camera 3.99mm f/1.8,,40,1/15,1.8,4.0 mm,28 mm,2.353761885,2015 1511 2217 1330
52408132936,2022:08:16 08:57:56,2022:08:16 08:57:56,2022:08:16 08:57:56,15.2.1,2.869999885mm f/2.2,iPhone 8 front camera 2.87mm f/2.2,,160,1/60,2.2,2.9 mm,32 mm,3.226856562,
53125109872,2023:04:15 12:45:04,2023:04:15 12:45:04,2023:04:15 12:45:04,16.1.2,3.99mm f/1.8,iPhone 8 back camera 3.99mm f/1.8,,20,1/1548,1.8,4.0 mm,28 mm,9.557461962,2015 1511 2217 1330
53008874464,2023:06:27 10:15:04,2023:06:27 10:15:04,2023:06:27 10:15:04,16.1.2,3.99mm f/1.8,iPhone 8 back camera 3.99mm f/1.8,,100,1/15,1.8,4.0 mm,28 mm,1.024930074,2015 1511 2217 1330
52992915073,2023:03:14 14:37:52,2023:03:14 14:37:52,2023:03:14 14:37:52,16.1.2,3.99mm f/1.8,iPhone 8 back camera 3.99mm f/1.8,,40,1/27,1.8,4.0 mm,28 mm,3.24683058,2015 1511 2217 1330
52411681252,2022:10:07 16:12:01,2022:10:07 16:12:01,2022:10:07 16:12:01,15.2.1,2.869999885mm f/2.2,iPhone 8 front camera 2.87mm f/2.2,,100,1/60,2.2,2.9 mm,32 mm,3.741970903,
52992659414,2023:02:02 17:02:33,2023:02:02 17:02:33,2023:02:02 17:02:33,16.1.2,3.99mm f/1.8,iPhone 8 back camera 3.99mm f/1.8,,500,1/30,1.8,4.0 mm,28 mm,-0.2639397534,2015 1511 2217 1330
52522060269,2022:05:28 22:02:45,2022:05:28 22:02:45,2022:05:28 22:02:45,Slow Shutter Cam by Cogitap Software,3.99mm f/1.8,iPhone 8 back camera 3.99mm f/1.8,1.02,2000,1/15,1.8,4.0 mm,28 mm,-5.360959083,
53008117362,2023:06:24 10:01:57,2023:06:24 10:01:57,2023:06:24 10:01:57,Instagram,3.99mm f/1.8,iPhone 8 back camera 3.99mm f/1.8,1.02,32,1/30,1.8,4.0 mm,28 mm,3.732919255,2015 1511 2217 1330
52992379706,2023:03:30 12:49:41,2023:03:30 12:49:41,2023:03:30 12:49:41,16.1.2,3.99mm f/1.8,iPhone 8 back camera 3.99mm f/1.8,,32,1/24,1.8,4.0 mm,28 mm,3.482574136,3566 297 528 529
52406285035,2022:08:20 11:21:35,2022:08:20 11:21:35,2022:08:20 11:21:35,Slow Shutter Cam by Cogitap Software,3.99mm f/1.8,iPhone 8 back camera 3.99mm f/1.8,1.02,32,1/104,1.8,4.0 mm,28 mm,5.870033877,
52992610859,2023:02:28 15:10:41,2023:02:28 15:10:41,2023:02:28 15:10:41,16.1.2,3.99mm f/1.8,iPhone 8 back camera 3.99mm f/1.8,,125,1/4,1.8,4.0 mm,28 mm,-2.178811582,2015 1511 2217 1330
52419359960,2022:10:10 14:57:35,2022:10:10 14:57:35,2022:10:10 14:57:35,Instagram,3.99mm f/1.8,iPhone 8 back camera 3.99mm f/1.8,1.02,50,1/40,1.8,4.0 mm,96 mm,3.610253794,
52996873045,2023:06:22 18:53:21,2023:06:22 18:53:21,2023:06:22 18:53:21,16.1.2,3.99mm f/1.8,iPhone 8 back camera 3.99mm f/1.8,,64,1/16,1.8,4.0 mm,28 mm,1.625600512,2015 1511 2217 1330
52423672149,2022:10:12 12:45:11,2022:10:12 12:45:11,2022:10:12 12:45:11,15.2.1,2.869999885mm f/2.2,iPhone 8 front camera 2.87mm f/2.2,,160,1/45,2.2,2.9 mm,32 mm,2.683592338,
52479788914,2022:11:05 03:25:46,2022:11:05 03:25:46,2022:11:05 03:25:46,15.2.1,3.99mm f/1.8,iPhone 8 back camera 3.99mm f/1.8,,250,1/4,1.8,4.0 mm,28 mm,-3.193402778,2015 1511 2217 1330
52991886892,2023:02:17 19:09:21,2023:02:17 19:09:21,2023:02:17 19:09:21,16.1.2,2.869999885mm f/2.2,iPhone 8 front camera 2.87mm f/2.2,,2000,1/15,2.2,2.9 mm,32 mm,-4.170210372,
52989087187,2023:05:03 15:21:31,2023:05:03 15:21:31,2023:05:03 15:21:31,16.1.2,3.99mm f/1.8,iPhone 8 back camera 3.99mm f/1.8,,40,1/120,1.8,4.0 mm,28 mm,5.520121951,2015 1511 2217 1330
52992379991,2023:03:29 21:12:18,2023:03:29 21:12:18,2023:03:29 21:12:18,16.1.2,3.99mm f/1.8,iPhone 8 back camera 3.99mm f/1.8,,320,1/4,1.8,4.0 mm,28 mm,-3.58860203,2015 1511 2217 1330
53011487085,2023:06:29 11:05:44,2023:06:29 11:05:44,2023:06:29 11:05:44,16.1.2,3.99mm f/1.8,iPhone 8 back camera 3.99mm f/1.8,,40,1/15,1.8,4.0 mm,28 mm,1.74961227,2198 955 753 756
52992743480,2023:04:06 17:39:06,2023:04:06 17:39:06,2023:04:06 17:39:06,16.1.2,3.99mm f/1.8,iPhone 8 back camera 3.99mm f/1.8,,64,1/15,1.8,4.0 mm,28 mm,1.562476081,2015 1511 2217 1330
52408642253,2022:08:16 12:24:17,2022:08:16 12:24:17,2022:08:16 12:24:17,Slow Shutter Cam by Cogitap Software,3.99mm f/1.8,iPhone 8 back camera 3.99mm f/1.8,1.02,20,1/56,1.8,4.0 mm,28 mm,8.702018203,
53127146247,2023:08:11 20:40:09,2023:08:11 20:40:09,2023:08:11 20:40:09,16.1.2,2.869999885mm f/2.2,iPhone 8 front camera 2.87mm f/2.2,,1600,1/16,2.2,2.9 mm,32 mm,-3.195431308,
52991853447,2023:03:14 14:38:01,2023:03:14 14:38:01,2023:03:14 14:38:01,16.1.2,3.99mm f/1.8,iPhone 8 back camera 3.99mm f/1.8,,40,1/30,1.8,4.0 mm,28 mm,3.417192564,2015 1511 2217 1330
52406262460,2022:08:20 11:22:43,2022:08:20 11:22:43,2022:08:20 11:22:43,Slow Shutter Cam by Cogitap Software,3.99mm f/1.8,iPhone 8 back camera 3.99mm f/1.8,1.02,20,1/96,1.8,4.0 mm,28 mm,8.97260788,
53127166297,2023:08:11 20:39:32,2023:08:11 20:39:32,2023:08:11 20:39:32,16.1.2,2.869999885mm f/2.2,iPhone 8 front camera 2.87mm f/2.2,,2000,1/15,2.2,2.9 mm,32 mm,-2.987048446,
52522261865,2022:05:28 22:12:32,2022:05:28 22:12:32,2022:05:28 22:12:32,Slow Shutter Cam by Cogitap Software,3.99mm f/1.8,iPhone 8 back camera 3.99mm f/1.8,1.02,200,1/8,1.8,4.0 mm,34 mm,0.3056734941,
52992820100,2023:03:15 17:40:31,2023:03:15 17:40:31,2023:03:15 17:40:31,16.1.2,3.99mm f/1.8,iPhone 8 back camera 3.99mm f/1.8,,100,1/12,1.8,4.0 mm,28 mm,0.4681438531,2015 1511 2217 1330
52471532229,2022:11:01 17:53:12,2022:11:01 17:53:12,2022:11:01 17:53:12,15.2.1,3.99mm f/1.8,iPhone 8 back camera 3.99mm f/1.8,,40,1/15,1.8,4.0 mm,28 mm,2.44659085,2396 2126 528 529
53128124475,2023:04:22 10:40:01,2023:04:22 10:40:01,2023:04:22 10:40:01,16.1.2,3.99mm f/1.8,iPhone 8 back camera 3.99mm f/1.8,,40,1/15,1.8,4.0 mm,28 mm,2.378056104,2015 1511 2217 1330
52996475621,2023:06:22 11:39:18,2023:06:22 11:39:18,2023:06:22 11:39:18,16.1.2,2.869999885mm f/2.2,iPhone 8 front camera 2.87mm f/2.2,,320,1/60,2.2,2.9 mm,32 mm,2.173426686,
52989601886,2022:12:27 19:28:16,2022:12:27 19:28:16,2022:12:27 19:28:16,Slow Shutter Cam by Cogitap Software,3.99mm f/1.8,iPhone 8 back camera 3.99mm f/1.8,,320,1/4,1.8,4.0 mm,28 mm,-1.052295327,
52992966970,2023:01:18 13:11:57,2023:01:18 13:11:57,2023:01:18 13:11:57,16.1.2,3.99mm f/1.8,iPhone 8 back camera 3.99mm f/1.8,,20,1/167,1.8,4.0 mm,28 mm,6.498972703,2015 1511 2217 1330
52408435398,2022:08:19 00:08:09,2022:08:19 00:08:09,2022:08:19 00:08:09,15.2.1,3.99mm f/1.8,iPhone 8 back camera 3.99mm f/1.8,,640,1/4,1.8,4.0 mm,28 mm,-4.360731651,2015 1511 2217 1330
52996658279,2022:04:09 19:52:19,2022:04:09 19:52:19,2022:11:25 23:33:29,Adobe Photoshop 23.5 (Windows),3.99mm f/1.8,iPhone 8 back camera 3.99mm f/1.8,,320,1/8,1.8,4.0 mm,28 mm,-0.7513912076,
52471250488,2022:10:27 15:54:33,2022:10:27 15:54:33,2022:10:27 15:54:33,15.2.1,2.869999885mm f/2.2,iPhone 8 front camera 2.87mm f/2.2,,20,1/161,2.2,2.9 mm,32 mm,7.331730769,
52992826535,2023:03:09 17:38:25,2023:03:09 17:38:25,2023:03:09 17:38:25,16.1.2,3.99mm f/1.8,iPhone 8 back camera 3.99mm f/1.8,,100,1/5,1.8,4.0 mm,28 mm,-0.7460039413,2015 1511 2217 1330
52406284935,2022:08:20 11:17:53,2022:08:20 11:17:53,2022:08:20 11:17:53,Slow Shutter Cam by Cogitap Software,3.99mm f/1.8,iPhone 8 back camera 3.99mm f/1.8,1.02,20,1/118,1.8,4.0 mm,28 mm,8.786979969,
53128219133,2023:08:11 20:40:28,2023:08:11 20:40:28,2023:08:11 20:40:28,16.1.2,2.869999885mm f/2.2,iPhone 8 front camera 2.87mm f/2.2,,2000,1/15,2.2,2.9 mm,32 mm,-2.689074718,
53127726641,2023:08:18 19:56:39,2023:08:18 19:56:39,2023:08:18 19:56:39,16.1.2,3.99mm f/1.8,iPhone 8 back camera 3.99mm f/1.8,,100,1/5,1.8,4.0 mm,28 mm,-0.3000812348,1912 1445 753 756
52418659816,2022:10:09 15:59:23,2022:10:09 15:59:23,2022:10:09 15:59:23,Instagram,3.99mm f/1.8,iPhone 8 back camera 3.99mm f/1.8,1.02,250,1/40,1.8,4.0 mm,96 mm,0.8129512142,
52521317987,2022:05:28 22:21:01,2022:05:28 22:21:01,2022:05:28 22:21:01,Slow Shutter Cam by Cogitap Software,3.99mm f/1.8,iPhone 8 back camera 3.99mm f/1.8,1.02,1250,1/15,1.8,4.0 mm,28 mm,-3.593691191,
52471009594,2022:10:21 16:56:52,2022:10:21 16:56:52,2022:10:21 16:56:52,15.2.1,3.99mm f/1.8,iPhone 8 back camera 3.99mm f/1.8,,40,1/30,1.8,4.0 mm,28 mm,3.356900068,2015 1511 2217 1330
52989006842,2023:05:04 21:05:45,2023:05:04 21:05:45,2023:05:04 21:05:45,16.1.2,3.99mm f/1.8,iPhone 8 back camera 3.99mm f/1.8,,125,1/4,1.8,4.0 mm,28 mm,-1.470536031,2247 2895 141 142
52521782906,2022:05:28 21:49:12,2022:05:28 21:49:12,2022:05:28 21:49:12,Slow Shutter Cam by Cogitap Software,3.99mm f/1.8,iPhone 8 back camera 3.99mm f/1.8,1.02,320,1/15,1.8,4.0 mm,57 mm,-0.9750089681,
52422855567,2022:10:12 12:44:52,2022:10:12 12:44:52,2022:10:12 12:44:52,15.2.1,2.869999885mm f/2.2,iPhone 8 front camera 2.87mm f/2.2,,160,1/45,2.2,2.9 mm,32 mm,2.897952551,
53127178172,2023:08:11 20:39:32,2023:08:11 20:39:32,2023:08:11 20:39:32,16.1.2,2.869999885mm f/2.2,iPhone 8 front camera 2.87mm f/2.2,,2000,1/15,2.2,2.9 mm,32 mm,-2.971997182,
52992629674,2023:02:13 16:07:50,2023:02:13 16:07:50,2023:02:13 16:07:50,16.1.2,3.99mm f/1.8,iPhone 8 back camera 3.99mm f/1.8,,64,1/15,1.8,4.0 mm,28 mm,1.703684043,2015 1511 2217 1330
52405804476,2022:08:21 15:35:59,2022:08:21 15:35:59,2022:08:21 15:35:59,15.2.1,3.99mm f/1.8,iPhone 8 back camera 3.99mm f/1.8,,125,1/4,1.8,4.0 mm,28 mm,-1.60476788,604 1632 330 332
52995912682,2023:01:16 14:10:03,2023:01:16 14:10:03,2023:01:16 14:10:03,16.1.2,3.99mm f/1.8,iPhone 8 back camera 3.99mm f/1.8,,20,1/387,1.8,4.0 mm,28 mm,7.475033378,2015 1511 2217 1330
52522059969,2022:05:28 21:42:06,2022:05:28 21:42:06,2022:05:28 21:42:06,Slow Shutter Cam by Cogitap Software,3.99mm f/1.8,iPhone 8 back camera 3.99mm f/1.8,1.02,200,1/15,1.8,4.0 mm,28 mm,0.07266770671,
52521782791,2022:05:28 21:19:09,2022:05:28 21:19:09,2022:05:28 21:19:09,Slow Shutter Cam by Cogitap Software,3.99mm f/1.8,iPhone 8 back camera 3.99mm f/1.8,1.02,25,1/40,1.8,4.0 mm,28 mm,0.6795664509,
52522262035,2022:05:28 22:45:27,2022:05:28 22:45:27,2022:05:28 22:45:27,Slow Shutter Cam by Cogitap Software,3.99mm f/1.8,iPhone 8 back camera 3.99mm f/1.8,1.02,400,1/15,1.8,4.0 mm,28 mm,-1.7784689,
52992600861,2023:01:18 13:12:01,2023:01:18 13:12:01,2023:01:18 13:12:01,16.1.2,3.99mm f/1.8,iPhone 8 back camera 3.99mm f/1.8,,20,1/165,1.8,4.0 mm,28 mm,6.604818042,2015 1511 2217 1330
52481678812,2022:11:06 13:29:53,2022:11:06 13:29:53,2022:11:06 13:29:53,15.2.1,3.99mm f/1.8,iPhone 8 back camera 3.99mm f/1.8,,100,1/11,1.8,4.0 mm,28 mm,0.5174404015,2015 1511 2217 1330
53127150717,2023:08:11 20:40:08,2023:08:11 20:40:08,2023:08:11 20:40:08,16.1.2,2.869999885mm f/2.2,iPhone 8 front camera 2.87mm f/2.2,,1600,1/16,2.2,2.9 mm,32 mm,-3.169156415,
52412649020,2022:09:04 12:32:48,2022:09:04 12:32:48,2022:09:04 12:32:48,15.2.1,2.869999885mm f/2.2,iPhone 8 front camera 2.87mm f/2.2,,50,1/120,2.2,2.9 mm,32 mm,5.452925453,
53127709716,2023:08:19 09:19:59,2023:08:19 09:19:59,2023:08:19 09:19:59,16.1.2,3.99mm f/1.8,iPhone 8 back camera 3.99mm f/1.8,,125,1/60,1.8,4.0 mm,28 mm,2.984839045,2015 1511 2217 1330
53125873874,2023:08:15 12:27:27,2023:08:15 12:27:27,2023:08:15 12:27:27,16.1.2,3.99mm f/1.8,iPhone 8 back camera 3.99mm f/1.8,,40,1/30,1.8,4.0 mm,28 mm,3.355574404,2015 1511 2217 1330
52522329583,2022:05:28 22:13:51,2022:05:28 22:13:51,2022:05:28 22:13:51,Slow Shutter Cam by Cogitap Software,3.99mm f/1.8,iPhone 8 back camera 3.99mm f/1.8,1.02,50,1/11,1.8,4.0 mm,34 mm,-0.8679668148,
52423657639,2022:10:12 12:45:04,2022:10:12 12:45:04,2022:10:12 12:45:04,15.2.1,2.869999885mm f/2.2,iPhone 8 front camera 2.87mm f/2.2,,160,1/45,2.2,2.9 mm,32 mm,2.696795953,
53128382568,2023:08:07 19:59:50,2023:08:07 19:59:50,2023:08:07 19:59:50,16.1.2,3.99mm f/1.8,iPhone 8 back camera 3.99mm f/1.8,,100,1/4,1.8,4.0 mm,28 mm,-1.097493704,2015 1511 2217 1330
52412706653,2022:09:04 12:32:23,2022:09:04 12:32:23,2022:09:04 12:32:23,15.2.1,2.869999885mm f/2.2,iPhone 8 front camera 2.87mm f/2.2,,32,1/120,2.2,2.9 mm,32 mm,6.188808664,
52408442798,2022:08:17 14:56:52,2022:08:17 14:56:52,2022:08:17 14:56:52,15.2.1,3.99mm f/1.8,iPhone 8 back camera 3.99mm f/1.8,,64,1/15,1.8,4.0 mm,28 mm,1.868019033,2015 1511 2217 1330
53126073425,2023:08:15 08:25:44,2023:08:15 08:25:44,2023:08:15 08:25:44,16.1.2,3.99mm f/1.8,iPhone 8 back camera 3.99mm f/1.8,,80,1/15,1.8,4.0 mm,28 mm,1.195019645,2015 1511 2217 1330
52992531489,2023:03:22 21:08:26,2023:03:22 21:08:26,2023:03:22 21:08:26,16.1.2,3.99mm f/1.8,iPhone 8 back camera 3.99mm f/1.8,,640,1/4,1.8,4.0 mm,28 mm,-4.439947695,2015 1511 2217 1330
52992514721,2023:02:06 12:40:33,2023:02:06 12:40:33,2023:02:06 12:40:33,16.1.2,3.99mm f/1.8,iPhone 8 back camera 3.99mm f/1.8,,40,1/30,1.8,4.0 mm,28 mm,3.606598143,2015 1511 2217 1330
53125873974,2023:08:15 12:56:23,2023:08:15 12:56:23,2023:08:15 12:56:23,16.1.2,3.99mm f/1.8,iPhone 8 back camera 3.99mm f/1.8,,125,1/80,1.8,4.0 mm,28 mm,3.034493539,
52419095510,2022:10:09 16:02:10,2022:10:09 16:02:10,2022:10:09 16:02:10,Instagram,3.99mm f/1.8,iPhone 8 back camera 3.99mm f/1.8,1.02,125,1/40,1.8,4.0 mm,96 mm,1.965595178,
52408578110,2022:08:16 12:25:10,2022:08:16 12:25:10,2022:08:16 12:25:10,Slow Shutter Cam by Cogitap Software,3.99mm f/1.8,iPhone 8 back camera 3.99mm f/1.8,1.02,25,1/30,1.8,4.0 mm,28 mm,4.035169334,
53127133997,2023:08:18 16:00:46,2023:08:18 16:00:46,2023:08:18 16:00:46,16.1.2,3.99mm f/1.8,iPhone 8 back camera 3.99mm f/1.8,,40,1/30,1.8,4.0 mm,28 mm,3.202828562,2015 1511 2217 1330
53126154488,2023:08:15 10:13:27,2023:08:15 10:13:27,2023:08:15 10:13:27,16.1.2,3.99mm f/1.8,iPhone 8 back camera 3.99mm f/1.8,,80,1/15,1.8,4.0 mm,28 mm,1.263841567,2015 1511 2217 1330
53126138338,2023:08:16 09:43:44,2023:08:16 09:43:44,2023:08:16 09:43:44,16.1.2,3.99mm f/1.8,iPhone 8 back camera 3.99mm f/1.8,,40,1/17,1.8,4.0 mm,28 mm,2.34588497,2015 1511 2217 1330
52992697439,2023:01:21 10:07:19,2023:01:21 10:07:19,2023:01:21 10:07:19,Instagram,3.99mm f/1.8,iPhone 8 back camera 3.99mm f/1.8,1.02,100,1/12,1.8,4.0 mm,28 mm,0.6207931124,2015 1511 2217 1330
52992941483,2023:02:22 22:11:45,2023:02:22 22:11:45,2023:02:22 22:11:45,16.1.2,3.99mm f/1.8,iPhone 8 back camera 3.99mm f/1.8,,100,1/12,1.8,4.0 mm,28 mm,0.7574790826,2015 1511 2217 1330
53128150270,2023:08:11 20:40:08,2023:08:11 20:40:08,2023:08:11 20:40:08,16.1.2,2.869999885mm f/2.2,iPhone 8 front camera 2.87mm f/2.2,,1600,1/16,2.2,2.9 mm,32 mm,-3.103568045,
52408216234,2022:10:05 08:34:07,2022:10:05 08:34:07,2022:10:05 08:34:07,15.2.1,3.99mm f/1.8,iPhone 8 back camera 3.99mm f/1.8,,100,1/4,1.8,4.0 mm,28 mm,-1.207105212,2015 1511 2217 1330
52989006907,2023:05:04 21:05:46,2023:05:04 21:05:46,2023:05:04 21:05:46,16.1.2,3.99mm f/1.8,iPhone 8 back camera 3.99mm f/1.8,,125,1/4,1.8,4.0 mm,28 mm,-1.753838192,2015 1511 2217 1330
52991020975,2023:04:19 19:53:30,2023:04:19 19:53:30,2023:04:19 19:53:30,16.1.2,3.99mm f/1.8,iPhone 8 back camera 3.99mm f/1.8,,250,1/4,1.8,4.0 mm,28 mm,-2.152402616,2015 1511 2217 1330
52989087007,2023:05:02 18:09:21,2023:05:02 18:09:21,2023:05:02 18:09:21,16.1.2,3.99mm f/1.8,iPhone 8 back camera 3.99mm f/1.8,,25,1/30,1.8,4.0 mm,28 mm,3.86764307,2015 1511 2217 1330
52432871954,2022:10:15 16:59:06,2022:10:15 16:59:06,2022:10:15 16:59:06,15.2.1,3.99mm f/1.8,iPhone 8 back camera 3.99mm f/1.8,,40,1/15,1.8,4.0 mm,28 mm,2.307786135,2015 1511 2217 1330
52471222798,2022:10:30 23:44:45,2022:10:30 23:44:45,2022:10:30 23:44:45,15.2.1,3.99mm f/1.8,iPhone 8 back camera 3.99mm f/1.8,,320,1/4,1.8,4.0 mm,28 mm,-3.39935853,2015 1511 2217 1330
52409599912,2022:08:19 11:37:47,2022:08:19 11:37:47,2022:08:19 11:37:47,Slow Shutter Cam by Cogitap Software,3.99mm f/1.8,iPhone 8 back camera 3.99mm f/1.8,,20,1/316,1.8,4.0 mm,28 mm,9.038007602,
52989729344,2023:05:07 11:18:52,2023:05:07 11:18:52,2023:05:07 11:18:52,16.1.2,3.99mm f/1.8,iPhone 8 back camera 3.99mm f/1.8,,64,1/15,1.8,4.0 mm,28 mm,1.631928659,2015 1511 2217 1330
52406318103,2022:08:20 11:39:58,2022:08:20 11:39:58,2022:08:20 11:39:58,Slow Shutter Cam by Cogitap Software,3.99mm f/1.8,iPhone 8 back camera 3.99mm f/1.8,1.02,20,1/500,1.8,4.0 mm,28 mm,9.463788153,
52992517764,2023:04:02 09:30:36,2023:04:02 09:30:36,2023:04:02 09:30:36,16.1.2,2.869999885mm f/2.2,iPhone 8 front camera 2.87mm f/2.2,,250,1/60,2.2,2.9 mm,32 mm,2.274627529,
52408213694,2022:08:18 13:25:55,2022:08:18 13:25:55,2022:08:18 13:25:55,15.2.1,3.99mm f/1.8,iPhone 8 back camera 3.99mm f/1.8,,25,1/30,1.8,4.0 mm,28 mm,4.115473853,2015 1511 2217 1330
53127124937,2023:04:22 10:41:08,2023:04:22 10:41:08,2023:04:22 10:41:08,16.1.2,3.99mm f/1.8,iPhone 8 back camera 3.99mm f/1.8,,125,1/120,1.8,4.0 mm,28 mm,3.599701641,2015 1511 2217 1330
53128204455,2023:08:10 20:59:18,2023:08:10 20:59:18,2023:08:10 20:59:18,16.1.2,3.99mm f/1.8,iPhone 8 back camera 3.99mm f/1.8,,640,1/20,1.8,4.0 mm,28 mm,-2.480803458,2015 1511 2217 1330
52412190786,2022:09:04 12:32:22,2022:09:04 12:32:22,2022:09:04 12:32:22,15.2.1,2.869999885mm f/2.2,iPhone 8 front camera 2.87mm f/2.2,,40,1/120,2.2,2.9 mm,32 mm,5.817551599,
52412473984,2022:10:07 11:20:12,2022:10:07 11:20:12,2022:10:07 11:20:12,15.2.1,3.99mm f/1.8,iPhone 8 back camera 3.99mm f/1.8,,25,1/30,1.8,4.0 mm,28 mm,4.101648819,2015 1511 2217 1330
52522060179,2022:05:28 21:43:34,2022:05:28 21:43:34,2022:05:28 21:43:34,Slow Shutter Cam by Cogitap Software,3.99mm f/1.8,iPhone 8 back camera 3.99mm f/1.8,1.02,250,1/8,1.8,4.0 mm,28 mm,-0.6224830968,
53125858664,2023:08:16 10:19:40,2023:08:16 10:19:40,2023:08:16 10:19:40,16.1.2,3.99mm f/1.8,iPhone 8 back camera 3.99mm f/1.8,,100,1/15,1.8,4.0 mm,28 mm,1.109596985,2015 1511 2217 1330
52406251705,2022:08:20 11:41:02,2022:08:20 11:41:02,2022:08:20 11:41:02,Slow Shutter Cam by Cogitap Software,3.99mm f/1.8,iPhone 8 back camera 3.99mm f/1.8,1.02,20,1/960,1.8,4.0 mm,118 mm,9.559831065,
53127771536,2023:08:11 11:50:34,2023:08:11 11:50:34,2023:08:11 11:50:34,16.1.2,3.99mm f/1.8,iPhone 8 back camera 3.99mm f/1.8,,40,1/20,1.8,4.0 mm,28 mm,2.74518795,2015 1511 2217 1330
52410536670,2022:08:19 11:11:54,2022:08:19 11:11:54,2022:08:19 11:11:54,15.2.1,3.99mm f/1.8,iPhone 8 back camera 3.99mm f/1.8,,20,1/2088,1.8,4.0 mm,122 mm,10.01117378,2012 1499 2207 1325
52423875138,2022:10:12 12:44:34,2022:10:12 12:44:34,2022:10:12 12:44:34,15.2.1,2.869999885mm f/2.2,iPhone 8 front camera 2.87mm f/2.2,,125,1/45,2.2,2.9 mm,32 mm,2.932809255,
52521782816,2022:05:28 22:15:17,2022:05:28 22:15:17,2022:05:28 22:15:17,Slow Shutter Cam by Cogitap Software,3.99mm f/1.8,iPhone 8 back camera 3.99mm f/1.8,1.02,32,1/8,1.8,4.0 mm,28 mm,2.067284586,
52992840158,2023:03:31 17:41:41,2023:03:31 17:41:41,2023:03:31 17:41:41,16.1.2,3.99mm f/1.8,iPhone 8 back camera 3.99mm f/1.8,,100,1/5,1.8,4.0 mm,28 mm,-0.3530359424,2015 1511 2217 1330
52993063083,2023:01:18 08:46:09,2023:01:18 08:46:09,2023:01:18 08:46:09,16.1.2,3.99mm f/1.8,iPhone 8 back camera 3.99mm f/1.8,,80,1/6,1.8,4.0 mm,28 mm,-0.0557316271,2015 1511 2217 1330
52521317697,2022:05:28 22:46:45,2022:05:28 22:46:45,2022:05:28 22:46:45,15.2.1,3.99mm f/1.8,iPhone 8 back camera 3.99mm f/1.8,1.02,320,1/40,1.8,4.0 mm,28 mm,-1.214031158,1847 474 753 756
52407923761,2022:08:18 15:26:00,2022:08:18 15:26:00,2022:08:18 15:26:00,15.2.1,3.99mm f/1.8,iPhone 8 back camera 3.99mm f/1.8,,40,1/24,1.8,4.0 mm,75 mm,3.291740133,1537 1376 452 452
52995885072,2023:06:22 11:39:23,2023:06:22 11:39:23,2023:06:22 11:39:23,16.1.2,2.869999885mm f/2.2,iPhone 8 front camera 2.87mm f/2.2,,250,1/40,2.2,2.9 mm,32 mm,1.629788923,
52992932953,2023:03:01 11:12:40,2023:03:01 11:12:40,2023:03:01 11:12:40,16.1.2,3.99mm f/1.8,iPhone 8 back camera 3.99mm f/1.8,,20,1/1715,1.8,4.0 mm,28 mm,9.815955615,2015 1511 2217 1330
52418940409,2022:10:10 11:42:27,2022:10:10 11:42:27,2022:10:10 11:42:27,15.2.1,3.99mm f/1.8,iPhone 8 back camera 3.99mm f/1.8,,40,1/30,1.8,4.0 mm,28 mm,3.341386966,2015 1511 2217 1330
52989888029,2023:05:01 20:55:27,2023:05:01 20:55:27,2023:05:01 20:55:27,16.1.2,3.99mm f/1.8,iPhone 8 back camera 3.99mm f/1.8,,50,1/15,1.8,4.0 mm,28 mm,1.986736334,2015 1511 2217 1330
52408216164,2022:08:18 08:15:02,2022:08:18 08:15:02,2022:08:18 08:15:02,15.2.1,2.869999885mm f/2.2,iPhone 8 front camera 2.87mm f/2.2,,320,1/30,2.2,2.9 mm,32 mm,0.974725944,
53125862009,2023:08:16 09:43:39,2023:08:16 09:43:39,2023:08:16 09:43:39,16.1.2,3.99mm f/1.8,iPhone 8 back camera 3.99mm f/1.8,,320,1/60,1.8,4.0 mm,28 mm,1.119726,2015 1511 2217 1330
53125043942,2023:08:17 12:58:59,2023:08:17 12:58:59,2023:08:17 12:58:59,16.1.2,2.869999885mm f/2.2,iPhone 8 front camera 2.87mm f/2.2,,320,1/40,2.2,2.9 mm,32 mm,1.531056669,
52479975140,2022:11:04 17:46:43,2022:11:04 17:46:43,2022:11:04 17:46:43,Instagram,3.99mm f/1.8,iPhone 8 back camera 3.99mm f/1.8,1.02,800,1/40,1.8,4.0 mm,96 mm,-1.788573475,
52418659961,2022:10:09 14:02:54,2022:10:09 14:02:54,2022:10:09 14:02:54,15.2.1,3.99mm f/1.8,iPhone 8 back camera 3.99mm f/1.8,,64,1/15,1.8,4.0 mm,28 mm,1.814581955,2015 1511 2217 1330
52429273147,2022:10:14 12:59:11,2022:10:14 12:59:11,2022:10:14 12:59:11,15.2.1,3.99mm f/1.8,iPhone 8 back camera 3.99mm f/1.8,,32,1/30,1.8,4.0 mm,28 mm,3.621546412,2015 1511 2217 1330
53128232043,2023:08:11 20:39:45,2023:08:11 20:39:45,2023:08:11 20:39:45,16.1.2,2.869999885mm f/2.2,iPhone 8 front camera 2.87mm f/2.2,,2000,1/15,2.2,2.9 mm,32 mm,-3.207647589,
52992731520,2023:06:21 17:37:16,2023:06:21 17:37:16,2023:06:21 17:37:16,16.1.2,3.99mm f/1.8,iPhone 8 back camera 3.99mm f/1.8,,160,1/4,1.8,4.0 mm,28 mm,-1.632512161,1936 641 600 601
53021233809,2023:07:02 12:04:16,2023:07:02 12:04:16,2023:07:02 12:04:16,16.1.2,3.99mm f/1.8,iPhone 8 back camera 3.99mm f/1.8,,100,1/12,1.8,4.0 mm,28 mm,0.7845532106,2015 1511 2217 1330
52412633985,2022:09:04 12:32:22,2022:09:04 12:32:22,2022:09:04 12:32:22,15.2.1,2.869999885mm f/2.2,iPhone 8 front camera 2.87mm f/2.2,,40,1/120,2.2,2.9 mm,32 mm,6.153805497,
53125655231,2023:08:16 06:46:56,2023:08:16 06:46:56,2023:08:16 06:46:56,16.1.2,3.99mm f/1.8,iPhone 8 back camera 3.99mm f/1.8,,400,1/4,1.8,4.0 mm,28 mm,-3.966734457,2015 1511 2217 1330
52470184462,2022:10:29 15:11:05,2022:10:29 15:11:05,2022:10:29 15:11:05,15.2.1,3.99mm f/1.8,iPhone 8 back camera 3.99mm f/1.8,,40,1/15,1.8,4.0 mm,28 mm,2.428425059,2015 1511 2217 1330
52992536956,2023:01:24 15:04:23,2023:01:24 15:04:23,2023:01:24 15:04:23,16.1.2,3.99mm f/1.8,iPhone 8 back camera 3.99mm f/1.8,,80,1/15,1.8,4.0 mm,28 mm,1.276996955,2015 1511 2217 1330
52422861517,2022:10:12 12:44:53,2022:10:12 12:44:53,2022:10:12 12:44:53,15.2.1,2.869999885mm f/2.2,iPhone 8 front camera 2.87mm f/2.2,,160,1/45,2.2,2.9 mm,32 mm,2.911692559,
52995866152,2023:06:23 08:24:43,2023:06:23 08:24:43,2023:06:23 08:24:43,16.1.2,3.99mm f/1.8,iPhone 8 back camera 3.99mm f/1.8,,40,1/24,1.8,4.0 mm,28 mm,2.975272851,2015 1511 2217 1330
52410164916,2022:09:04 09:21:47,2022:09:04 09:21:47,2022:09:04 09:21:47,15.2.1,3.99mm f/1.8,iPhone 8 back camera 3.99mm f/1.8,,64,1/120,1.8,4.0 mm,28 mm,4.745508764,2015 1511 2217 1330
52992521244,2023:03:30 20:21:08,2023:03:30 20:21:08,2023:03:30 20:21:08,16.1.2,3.99mm f/1.8,iPhone 8 back camera 3.99mm f/1.8,,100,1/4,1.8,4.0 mm,28 mm,-0.5757636981,2015 1511 2217 1330
52412473914,2022:10:07 18:29:05,2022:10:07 18:29:05,2022:10:07 18:29:05,15.2.1,3.99mm f/1.8,iPhone 8 back camera 3.99mm f/1.8,,200,1/4,1.8,4.0 mm,28 mm,-2.764382676,2015 1511 2217 1330
52991849557,2023:03:16 21:40:56,2023:03:16 21:40:56,2023:03:16 21:40:56,16.1.2,3.99mm f/1.8,iPhone 8 back camera 3.99mm f/1.8,,800,1/4,1.8,4.0 mm,28 mm,-4.474116231,2015 1511 2217 1330
52990018860,2022:12:29 16:18:09,2022:12:29 16:18:09,2022:12:29 16:18:09,Slow Shutter Cam by Cogitap Software,3.99mm f/1.8,iPhone 8 back camera 3.99mm f/1.8,1.02,100,1/9,1.8,4.0 mm,28 mm,2.217057481,
53125698416,2023:08:12 08:57:11,2023:08:12 08:57:11,2023:08:12 08:57:11,Slow Shutter Cam by Cogitap Software,3.99mm f/1.8,iPhone 8 back camera 3.99mm f/1.8,,20,1/117,1.8,4.0 mm,28 mm,6.884544335,
53126150098,2023:08:15 12:28:23,2023:08:15 12:28:23,2023:08:15 12:28:23,16.1.2,3.99mm f/1.8,iPhone 8 back camera 3.99mm f/1.8,,40,1/20,1.8,4.0 mm,28 mm,2.834921923,2015 1511 2217 1330
52989740419,2022:12:27 19:27:15,2022:12:27 19:27:15,2022:12:27 19:27:15,Slow Shutter Cam by Cogitap Software,3.99mm f/1.8,iPhone 8 back camera 3.99mm f/1.8,1.02,200,1/9,1.8,4.0 mm,28 mm,0.8896131105,
53128212743,2023:08:11 20:40:29,2023:08:11 20:40:29,2023:08:11 20:40:29,16.1.2,2.869999885mm f/2.2,iPhone 8 front camera 2.87mm f/2.2,,2000,1/15,2.2,2.9 mm,32 mm,-3.20777845,
52471173405,2022:10:17 14:40:48,2022:10:17 14:40:48,2022:10:17 14:40:48,15.2.1,3.99mm f/1.8,iPhone 8 back camera 3.99mm f/1.8,,80,1/15,1.8,4.0 mm,28 mm,1.230715871,1884 2152 278 278
52407632752,2022:08:16 08:57:58,2022:08:16 08:57:58,2022:08:16 08:57:58,15.2.1,2.869999885mm f/2.2,iPhone 8 front camera 2.87mm f/2.2,,160,1/60,2.2,2.9 mm,32 mm,3.258066824,
52479793599,2022:11:05 03:26:20,2022:11:05 03:26:20,2022:11:05 03:26:20,15.2.1,3.99mm f/1.8,iPhone 8 back camera 3.99mm f/1.8,,200,1/4,1.8,4.0 mm,28 mm,-2.692016317,2015 1511 2217 1330
52412190776,2022:09:04 12:32:22,2022:09:04 12:32:22,2022:09:04 12:32:22,15.2.1,2.869999885mm f/2.2,iPhone 8 front camera 2.87mm f/2.2,,40,1/120,2.2,2.9 mm,32 mm,5.733190508,
52422861467,2022:10:12 12:44:52,2022:10:12 12:44:52,2022:10:12 12:44:52,15.2.1,2.869999885mm f/2.2,iPhone 8 front camera 2.87mm f/2.2,,160,1/45,2.2,2.9 mm,32 mm,2.864452878,
52430309993,2022:10:14 21:10:43,2022:10:14 21:10:43,2022:10:14 21:10:43,15.2.1,3.99mm f/1.8,iPhone 8 back camera 3.99mm f/1.8,,100,1/12,1.8,4.0 mm,28 mm,0.8175202653,2015 1511 2217 1330
53127797551,2023:08:10 10:34:30,2023:08:10 10:34:30,2023:08:10 10:34:30,16.1.2,3.99mm f/1.8,iPhone 8 back camera 3.99mm f/1.8,,32,1/30,1.8,4.0 mm,28 mm,3.885593593,2000 1040 753 756
52522329738,2022:05:28 22:46:32,2022:05:28 22:46:32,2022:05:28 22:46:32,15.2.1,3.99mm f/1.8,iPhone 8 back camera 3.99mm f/1.8,1.02,100,1/9,1.8,4.0 mm,28 mm,0.2664526575,2015 1511 2217 1330
52992915123,2023:03:13 17:16:20,2023:03:13 17:16:20,2023:03:13 17:16:20,16.1.2,3.99mm f/1.8,iPhone 8 back camera 3.99mm f/1.8,,20,1/428,1.8,4.0 mm,28 mm,7.55693816,2015 1511 2217 1330
53125680041,2023:04:15 11:43:42,2023:04:15 11:43:42,2023:04:15 11:43:42,16.1.2,3.99mm f/1.8,iPhone 8 back camera 3.99mm f/1.8,,20,1/774,1.8,4.0 mm,28 mm,8.563086453,2015 1511 2217 1330
52991791917,2023:03:22 21:08:08,2023:03:22 21:08:08,2023:03:22 21:08:08,16.1.2,3.99mm f/1.8,iPhone 8 back camera 3.99mm f/1.8,,800,1/4,1.8,4.0 mm,28 mm,-4.669221698,2015 1511 2217 1330
52406329885,2022:08:19 17:51:46,2022:08:19 17:51:46,2022:08:19 17:51:46,15.2.1,3.99mm f/1.8,iPhone 8 back camera 3.99mm f/1.8,,40,1/15,1.8,4.0 mm,28 mm,2.29673093,2015 1511 2217 1330
52409599812,2022:08:19 11:21:24,2022:08:19 11:21:24,2022:08:19 11:21:24,Slow Shutter Cam by Cogitap Software,3.99mm f/1.8,iPhone 8 back camera 3.99mm f/1.8,1.02,20,1/425,1.8,4.0 mm,28 mm,9.497282704,
52423671529,2022:10:12 12:45:05,2022:10:12 12:45:05,2022:10:12 12:45:05,15.2.1,2.869999885mm f/2.2,iPhone 8 front camera 2.87mm f/2.2,,160,1/45,2.2,2.9 mm,32 mm,2.605867516,
52408437948,2022:08:18 12:14:18,2022:08:18 12:14:18,2022:08:18 12:14:18,15.2.1,3.99mm f/1.8,iPhone 8 back camera 3.99mm f/1.8,,25,1/40,1.8,4.0 mm,28 mm,4.411725181,2015 1511 2217 1330
52522262060,2022:05:28 21:37:31,2022:05:28 21:37:31,2022:05:28 21:37:31,Slow Shutter Cam by Cogitap Software,3.99mm f/1.8,iPhone 8 back camera 3.99mm f/1.8,1.02,500,1/15,1.8,4.0 mm,28 mm,-1.794406281,
52992904390,2023:01:25 15:49:00,2023:01:25 15:49:00,2023:01:25 15:49:00,16.1.2,3.99mm f/1.8,iPhone 8 back camera 3.99mm f/1.8,,40,1/17,1.8,4.0 mm,28 mm,2.829074253,2015 1511 2217 1330
52410369004,2022:08:16 08:57:40,2022:08:16 08:57:40,2022:08:16 08:57:40,15.2.1,2.869999885mm f/2.2,iPhone 8 front camera 2.87mm f/2.2,,100,1/60,2.2,2.9 mm,32 mm,3.64986473,
53128223608,2023:08:11 20:40:08,2023:08:11 20:40:08,2023:08:11 20:40:08,16.1.2,2.869999885mm f/2.2,iPhone 8 front camera 2.87mm f/2.2,,1600,1/16,2.2,2.9 mm,32 mm,-3.119687735,
53125704421,2023:04:15 14:34:50,2023:04:15 14:34:50,2023:04:15 14:34:50,16.1.2,3.99mm f/1.8,iPhone 8 back camera 3.99mm f/1.8,,40,1/24,1.8,4.0 mm,28 mm,3.281609088,3380 1231 286 287
52423644079,2022:10:12 12:44:52,2022:10:12 12:44:52,2022:10:12 12:44:52,15.2.1,2.869999885mm f/2.2,iPhone 8 front camera 2.87mm f/2.2,,160,1/45,2.2,2.9 mm,32 mm,2.897952551,
52992935838,2023:02:23 13:25:30,2023:02:23 13:25:30,2023:02:23 13:25:30,16.1.2,3.99mm f/1.8,iPhone 8 back camera 3.99mm f/1.8,,25,1/40,1.8,4.0 mm,28 mm,4.505711897,2015 1511 2217 1330
52991919202,2023:02:02 14:44:17,2023:02:02 14:44:17,2023:02:02 14:44:17,16.1.2,3.99mm f/1.8,iPhone 8 back camera 3.99mm f/1.8,,20,1/318,1.8,4.0 mm,28 mm,7.418620572,2015 1511 2217 1330
52521782841,2022:05:28 21:32:15,2022:05:28 21:32:15,2022:05:28 21:32:15,Slow Shutter Cam by Cogitap Software,3.99mm f/1.8,iPhone 8 back camera 3.99mm f/1.8,1.02,1000,1/5,1.8,4.0 mm,28 mm,-3.331434316,
52471195605,2022:10:20 22:53:07,2022:10:20 22:53:07,2022:10:20 22:53:07,15.2.1,3.99mm f/1.8,iPhone 8 back camera 3.99mm f/1.8,,2000,1/15,1.8,4.0 mm,28 mm,-5.143230367,
52996881355,2023:01:16 14:09:57,2023:01:16 14:09:57,2023:01:16 14:09:57,16.1.2,3.99mm f/1.8,iPhone 8 back camera 3.99mm f/1.8,,20,1/1171,1.8,4.0 mm,28 mm,9.221957987,2015 1511 2217 1330
52992512611,2023:02:07 17:39:56,2023:02:07 17:39:56,2023:02:07 17:39:56,16.1.2,3.99mm f/1.8,iPhone 8 back camera 3.99mm f/1.8,,125,1/4,1.8,4.0 mm,28 mm,-1.898994046,2015 1511 2217 1330
52992656089,2023:02:06 08:20:26,2023:02:06 08:20:26,2023:02:06 08:20:26,16.1.2,3.99mm f/1.8,iPhone 8 back camera 3.99mm f/1.8,,100,1/5,1.8,4.0 mm,28 mm,-0.9806855111,2015 1511 2217 1330
52410549625,2022:08:19 11:20:43,2022:08:19 11:20:43,2022:08:19 11:20:43,Slow Shutter Cam by Cogitap Software,3.99mm f/1.8,iPhone 8 back camera 3.99mm f/1.8,1.02,20,1/578,1.8,4.0 mm,28 mm,8.065250846,
52410085441,2022:08:19 00:08:11,2022:08:19 00:08:11,2022:08:19 00:08:11,15.2.1,3.99mm f/1.8,iPhone 8 back camera 3.99mm f/1.8,,250,1/4,1.8,4.0 mm,28 mm,-3.059622039,2015 1511 2217 1330
52988987817,2023:06:18 15:12:39,2023:06:18 15:12:39,2023:06:18 15:12:39,16.1.2,3.99mm f/1.8,iPhone 8 back camera 3.99mm f/1.8,,64,1/17,1.8,4.0 mm,28 mm,1.962821543,2015 1511 2217 1330
53127771356,2023:08:11 14:31:23,2023:08:11 14:31:23,2023:08:11 14:31:23,16.1.2,3.99mm f/1.8,iPhone 8 back camera 3.99mm f/1.8,,40,1/120,1.8,4.0 mm,28 mm,5.624375149,2015 1511 2217 1330
52990018645,2022:12:29 16:14:52,2022:12:29 16:14:52,2022:12:29 16:14:52,Slow Shutter Cam by Cogitap Software,3.99mm f/1.8,iPhone 8 back camera 3.99mm f/1.8,1.02,200,1/12,1.8,4.0 mm,28 mm,0.7310454908,
52992480981,2023:02:19 15:43:28,2023:02:19 15:43:28,2023:02:19 15:43:28,16.1.2,3.99mm f/1.8,iPhone 8 back camera 3.99mm f/1.8,,100,1/13,1.8,4.0 mm,28 mm,0.8486430148,2015 1511 2217 1330
53127146257,2023:08:11 20:40:08,2023:08:11 20:40:08,2023:08:11 20:40:08,16.1.2,2.869999885mm f/2.2,iPhone 8 front camera 2.87mm f/2.2,,1600,1/16,2.2,2.9 mm,32 mm,-3.20310373,
52470214957,2022:10:27 14:41:54,2022:10:27 14:41:54,2022:10:27 14:41:54,15.2.1,3.99mm f/1.8,iPhone 8 back camera 3.99mm f/1.8,,20,1/318,1.8,4.0 mm,28 mm,7.282642895,2015 1511 2217 1330
52410085316,2022:08:16 14:10:26,2022:08:16 14:10:26,2022:08:16 14:10:26,15.2.1,3.99mm f/1.8,iPhone 8 back camera 3.99mm f/1.8,,40,1/20,1.8,4.0 mm,82 mm,2.971975261,2976 1079 612 608
52522261615,2022:05:28 21:54:10,2022:05:28 21:54:10,2022:05:28 21:54:10,Slow Shutter Cam by Cogitap Software,3.99mm f/1.8,iPhone 8 back camera 3.99mm f/1.8,1.02,500,0.3,1.8,4.0 mm,93 mm,-2.203543679,
53125597546,2023:07:05 09:15:36,2023:07:05 09:15:36,2023:07:05 09:15:36,16.1.2,3.99mm f/1.8,iPhone 8 back camera 3.99mm f/1.8,,25,1/30,1.8,4.0 mm,28 mm,4.128791597,2015 1511 2217 1330
52992509881,2023:02:08 23:21:10,2023:02:08 23:21:10,2023:02:08 23:21:10,16.1.2,3.99mm f/1.8,iPhone 8 back camera 3.99mm f/1.8,,1600,1/4,1.8,4.0 mm,28 mm,-5.708502634,2015 1511 2217 1330
52429774136,2022:10:14 12:59:15,2022:10:14 12:59:15,2022:10:14 12:59:15,15.2.1,3.99mm f/1.8,iPhone 8 back camera 3.99mm f/1.8,,25,1/30,1.8,4.0 mm,28 mm,4.1002331,3516 1130 753 756
53125072567,2023:08:16 06:46:40,2023:08:16 06:46:40,2023:08:16 06:46:40,16.1.2,3.99mm f/1.8,iPhone 8 back camera 3.99mm f/1.8,,1250,1/4,1.8,4.0 mm,28 mm,-5.550130634,2015 1511 2217 1330
52407938326,2022:08:17 12:22:56,2022:08:17 12:22:56,2022:08:17 12:22:56,15.2.1,3.99mm f/1.8,iPhone 8 back camera 3.99mm f/1.8,,32,1/30,1.8,4.0 mm,28 mm,3.894124577,2015 1511 2217 1330
52521782856,2022:05:28 22:15:48,2022:05:28 22:15:48,2022:05:28 22:15:48,Slow Shutter Cam by Cogitap Software,3.99mm f/1.8,iPhone 8 back camera 3.99mm f/1.8,1.02,1250,1/5,1.8,4.0 mm,28 mm,-3.724744646,
52992837120,2023:02:26 17:24:21,2023:02:26 17:24:21,2023:02:26 17:24:21,16.1.2,3.99mm f/1.8,iPhone 8 back camera 3.99mm f/1.8,,100,1/14,1.8,4.0 mm,28 mm,0.8193842645,2015 1511 2217 1330
53126043395,2023:08:16 16:58:51,2023:08:16 16:58:51,2023:08:16 16:58:51,16.1.2,3.99mm f/1.8,iPhone 8 back camera 3.99mm f/1.8,,100,1/13,1.8,4.0 mm,28 mm,0.7804167024,2015 1511 2217 1330
52423812825,2022:10:12 12:44:34,2022:10:12 12:44:34,2022:10:12 12:44:34,15.2.1,2.869999885mm f/2.2,iPhone 8 front camera 2.87mm f/2.2,,160,1/45,2.2,2.9 mm,32 mm,2.709472468,
52992908783,2023:03:19 13:02:22,2023:03:19 13:02:22,2023:03:19 13:02:22,16.1.2,3.99mm f/1.8,iPhone 8 back camera 3.99mm f/1.8,,100,1/11,1.8,4.0 mm,28 mm,0.5628937649,2015 1511 2217 1330
53011104971,2023:06:29 10:25:55,2023:06:29 10:25:55,2023:06:29 10:25:55,16.1.2,3.99mm f/1.8,iPhone 8 back camera 3.99mm f/1.8,,25,1/30,1.8,4.0 mm,28 mm,4.376433915,997 1625 504 501
52407432132,2022:08:17 16:38:13,2022:08:17 16:38:13,2022:08:17 16:38:13,15.2.1,2.869999885mm f/2.2,iPhone 8 front camera 2.87mm f/2.2,,20,1/169,2.2,2.9 mm,32 mm,7.622829582,
52992941463,2023:02:23 11:22:35,2023:02:23 11:22:35,2023:02:23 11:22:35,16.1.2,3.99mm f/1.8,iPhone 8 back camera 3.99mm f/1.8,,32,1/30,1.8,4.0 mm,28 mm,3.534139364,2015 1511 2217 1330
53128239565,2023:08:08 15:49:16,2023:08:08 15:49:16,2023:08:08 15:49:16,16.1.2,3.99mm f/1.8,iPhone 8 back camera 3.99mm f/1.8,,100,1/15,1.8,4.0 mm,28 mm,1.058133933,2015 1511 2217 1330
52992507306,2023:02:08 23:21:13,2023:02:08 23:21:13,2023:02:08 23:21:13,16.1.2,3.99mm f/1.8,iPhone 8 back camera 3.99mm f/1.8,,1600,1/4,1.8,4.0 mm,28 mm,-5.818233296,2015 1511 2217 1330
52992908743,2023:03:18 19:42:59,2023:03:18 19:42:59,2023:03:18 19:42:59,16.1.2,3.99mm f/1.8,iPhone 8 back camera 3.99mm f/1.8,,160,1/4,1.8,4.0 mm,28 mm,-2.240464906,2015 1511 2217 1330
52992653954,2023:02:06 15:10:54,2023:02:06 15:10:54,2023:02:06 15:10:54,16.1.2,3.99mm f/1.8,iPhone 8 back camera 3.99mm f/1.8,,80,1/15,1.8,4.0 mm,28 mm,1.374152786,2015 1511 2217 1330
52991886877,2023:02:17 19:09:23,2023:02:17 19:09:23,2023:02:17 19:09:23,16.1.2,2.869999885mm f/2.2,iPhone 8 front camera 2.87mm f/2.2,,2000,1/15,2.2,2.9 mm,32 mm,-4.297965915,
52412190786,2022:09:04 12:32:22,2022:09:04 12:32:22,2022:09:04 12:32:22,15.2.1,2.869999885mm f/2.2,iPhone 8 front camera 2.87mm f/2.2,,40,1/120,2.2,2.9 mm,32 mm,5.817551599,
52991847117,2023:03:19 17:43:26,2023:03:19 17:43:26,2023:03:19 17:43:26,16.1.2,3.99mm f/1.8,iPhone 8 back camera 3.99mm f/1.8,,200,1/60,1.8,4.0 mm,28 mm,2.029139296,2015 1511 2217 1330
52992988788,2023:01:30 11:13:49,2023:01:30 11:13:49,2023:01:30 11:13:49,16.1.2,3.99mm f/1.8,iPhone 8 back camera 3.99mm f/1.8,,50,1/15,1.8,4.0 mm,58 mm,2.351573462,2014 1508 2216 1329
52408437883,2022:08:18 08:15:16,2022:08:18 08:15:16,2022:08:18 08:15:16,15.2.1,2.869999885mm f/2.2,iPhone 8 front camera 2.87mm f/2.2,,320,1/30,2.2,2.9 mm,32 mm,0.998195101,
52409616867,2022:08:19 17:51:29,2022:08:19 17:51:29,2022:08:19 17:51:29,15.2.1,3.99mm f/1.8,iPhone 8 back camera 3.99mm f/1.8,,40,1/17,1.8,4.0 mm,28 mm,2.625528914,2015 1511 2217 1330
52991856222,2023:03:11 14:07:40,2023:03:11 14:07:40,2023:03:11 14:07:40,16.1.2,3.99mm f/1.8,iPhone 8 back camera 3.99mm f/1.8,,32,1/30,1.8,4.0 mm,60 mm,3.799464217,2016 1506 2218 1327
53127797176,2023:08:10 10:34:27,2023:08:10 10:34:27,2023:08:10 10:34:27,16.1.2,3.99mm f/1.8,iPhone 8 back camera 3.99mm f/1.8,,25,1/30,1.8,4.0 mm,28 mm,4.076583675,866 1578 314 314
53127747586,2023:08:11 20:39:58,2023:08:11 20:39:58,2023:08:11 20:39:58,16.1.2,2.869999885mm f/2.2,iPhone 8 front camera 2.87mm f/2.2,,1600,1/16,2.2,2.9 mm,32 mm,-3.031277,
53126138348,2023:08:16 08:15:54,2023:08:16 08:15:54,2023:08:16 08:15:54,16.1.2,3.99mm f/1.8,iPhone 8 back camera 3.99mm f/1.8,,80,1/15,1.8,4.0 mm,28 mm,1.18647985,2015 1511 2217 1330
52434892577,2022:10:16 13:39:34,2022:10:16 13:39:34,2022:10:16 13:39:34,15.2.1,3.99mm f/1.8,iPhone 8 back camera 3.99mm f/1.8,,64,1/17,1.8,4.0 mm,28 mm,2.01785145,2015 1511 2217 1330
52471179780,2022:10:20 22:53:04,2022:10:20 22:53:04,2022:10:20 22:53:04,15.2.1,3.99mm f/1.8,iPhone 8 back camera 3.99mm f/1.8,,200,1/4,1.8,4.0 mm,28 mm,-2.629246753,2015 1511 2217 1330
53126154368,2023:08:15 10:13:31,2023:08:15 10:13:31,2023:08:15 10:13:31,16.1.2,3.99mm f/1.8,iPhone 8 back camera 3.99mm f/1.8,,64,1/15,1.8,4.0 mm,28 mm,1.752406643,2015 1511 2217 1330
53125858604,2023:04:10 10:29:33,2023:04:10 10:29:33,2023:04:10 10:29:33,16.1.2,3.99mm f/1.8,iPhone 8 back camera 3.99mm f/1.8,,64,1/15,1.8,4.0 mm,28 mm,1.605536003,2015 1511 2217 1330
52407427242,2022:08:18 08:14:43,2022:08:18 08:14:43,2022:08:18 08:14:43,15.2.1,2.869999885mm f/2.2,iPhone 8 front camera 2.87mm f/2.2,,320,1/30,2.2,2.9 mm,32 mm,0.9341702881,
53127118867,2023:08:19 11:00:57,2023:08:19 11:00:57,2023:08:19 11:00:57,16.1.2,3.99mm f/1.8,iPhone 8 back camera 3.99mm f/1.8,,40,1/24,1.8,4.0 mm,28 mm,3.130279707,2015 1511 2217 1330
52991861427,2023:03:04 11:59:44,2023:03:04 11:59:44,2023:03:04 11:59:44,Instagram,3.99mm f/1.8,iPhone 8 back camera 3.99mm f/1.8,1.02,32,1/40,1.8,4.0 mm,96 mm,4.313498403,
52992759250,2023:03:23 10:59:12,2023:03:23 10:59:12,2023:03:23 10:59:12,16.1.2,3.99mm f/1.8,iPhone 8 back camera 3.99mm f/1.8,,100,1/11,1.8,4.0 mm,28 mm,0.6516671969,2015 1511 2217 1330
53127155172,2023:08:11 20:39:59,2023:08:11 20:39:59,2023:08:11 20:39:59,16.1.2,2.869999885mm f/2.2,iPhone 8 front camera 2.87mm f/2.2,,1600,1/16,2.2,2.9 mm,32 mm,-3.12754717,
52406181489,2022:08:19 20:40:37,2022:08:19 20:40:37,2022:08:19 20:40:37,15.2.1,3.99mm f/1.8,iPhone 8 back camera 3.99mm f/1.8,,500,1/4,1.8,4.0 mm,28 mm,-4.147165946,2015 1511 2217 1330
52410632503,2022:08:19 13:17:37,2022:08:19 13:17:37,2022:08:19 13:17:37,15.2.1,3.99mm f/1.8,iPhone 8 back camera 3.99mm f/1.8,,25,1/40,1.8,4.0 mm,28 mm,4.75374469,2015 1511 2217 1330
52408578450,2022:08:16 08:57:51,2022:08:16 08:57:51,2022:08:16 08:57:51,15.2.1,2.869999885mm f/2.2,iPhone 8 front camera 2.87mm f/2.2,,200,1/60,2.2,2.9 mm,32 mm,2.602794687,
52990813249,2023:04:18 10:17:29,2023:04:18 10:17:29,2023:04:18 10:17:29,16.1.2,3.99mm f/1.8,iPhone 8 back camera 3.99mm f/1.8,,64,1/16,1.8,4.0 mm,28 mm,1.765536442,2015 1511 2217 1330
52412491834,2022:09:04 12:32:23,2022:09:04 12:32:23,2022:09:04 12:32:23,15.2.1,2.869999885mm f/2.2,iPhone 8 front camera 2.87mm f/2.2,,32,1/120,2.2,2.9 mm,32 mm,6.196544276,
52471169690,2022:10:27 19:03:57,2022:10:27 19:03:57,2022:10:27 19:03:57,15.2.1,3.99mm f/1.8,iPhone 8 back camera 3.99mm f/1.8,,40,1/24,1.8,4.0 mm,28 mm,3.107515836,2015 1511 2217 1330
53127957944,2023:08:11 20:39:59,2023:08:11 20:39:59,2023:08:11 20:39:59,16.1.2,2.869999885mm f/2.2,iPhone 8 front camera 2.87mm f/2.2,,1600,1/16,2.2,2.9 mm,32 mm,-3.17104883,
52522329603,2022:05:28 21:48:19,2022:05:28 21:48:19,2022:05:28 21:48:19,Slow Shutter Cam by Cogitap Software,3.99mm f/1.8,iPhone 8 back camera 3.99mm f/1.8,1.02,400,1/5,1.8,4.0 mm,28 mm,-1.407237135,
52522262045,2022:05:28 21:18:40,2022:05:28 21:18:40,2022:05:28 21:18:40,Slow Shutter Cam by Cogitap Software,3.99mm f/1.8,iPhone 8 back camera 3.99mm f/1.8,1.02,25,1/6,1.8,4.0 mm,28 mm,-0.8058603782,
52992518099,2023:04:01 11:59:16,2023:04:01 11:59:16,2023:04:01 11:59:16,16.1.2,3.99mm f/1.8,iPhone 8 back camera 3.99mm f/1.8,,100,1/15,1.8,4.0 mm,28 mm,0.9867977116,2015 1511 2217 1330
52991937607,2023:01:23 19:50:23,2023:01:23 19:50:23,2023:01:23 19:50:23,16.1.2,3.99mm f/1.8,iPhone 8 back camera 3.99mm f/1.8,,125,1/4,1.8,4.0 mm,28 mm,-2.071192341,2015 1511 2217 1330
53125698411,2023:08:12 08:59:46,2023:08:12 08:59:46,2023:08:12 08:59:46,Slow Shutter Cam by Cogitap Software,3.99mm f/1.8,iPhone 8 back camera 3.99mm f/1.8,1.02,20,1/19,1.8,4.0 mm,28 mm,3.745205131,
52410391034,2022:08:19 11:22:36,2022:08:19 11:22:36,2022:08:19 11:22:36,Slow Shutter Cam by Cogitap Software,3.99mm f/1.8,iPhone 8 back camera 3.99mm f/1.8,1.02,20,1/316,1.8,4.0 mm,28 mm,9.038007602,
52992743600,2023:04:04 18:07:15,2023:04:04 18:07:15,2023:04:04 18:07:15,16.1.2,3.99mm f/1.8,iPhone 8 back camera 3.99mm f/1.8,,20,1/842,1.8,4.0 mm,28 mm,8.848201585,2015 1511 2217 1330
52408132836,2022:08:16 11:55:50,2022:08:16 11:55:50,2022:08:16 11:55:50,15.2.1,3.99mm f/1.8,iPhone 8 back camera 3.99mm f/1.8,,50,1/120,1.8,4.0 mm,28 mm,4.850623383,2015 1511 2217 1330
52992877205,2023:02:08 23:20:49,2023:02:08 23:20:49,2023:02:08 23:20:49,16.1.2,2.869999885mm f/2.2,iPhone 8 front camera 2.87mm f/2.2,,2000,1/15,2.2,2.9 mm,32 mm,-6.053137652,
52992759260,2023:03:22 21:07:53,2023:03:22 21:07:53,2023:03:22 21:07:53,16.1.2,3.99mm f/1.8,iPhone 8 back camera 3.99mm f/1.8,,640,1/4,1.8,4.0 mm,28 mm,-4.555053336,2015 1511 2217 1330
52522261780,2022:05:28 22:32:28,2022:05:28 22:32:28,2022:05:28 22:32:28,Slow Shutter Cam by Cogitap Software,3.99mm f/1.8,iPhone 8 back camera 3.99mm f/1.8,1.02,500,1/4,1.8,4.0 mm,28 mm,-2.547295597,
52989003387,2023:05:05 00:27:46,2023:05:05 00:27:46,2023:05:05 00:27:46,16.1.2,3.99mm f/1.8,iPhone 8 back camera 3.99mm f/1.8,,320,1/4,1.8,4.0 mm,28 mm,-3.638589022,2015 1511 2217 1330
52992383756,2023:03:27 10:51:34,2023:03:27 10:51:34,2023:03:27 10:51:34,16.1.2,3.99mm f/1.8,iPhone 8 back camera 3.99mm f/1.8,,64,1/15,1.8,4.0 mm,28 mm,1.697885724,2015 1511 2217 1330
52479512141,2022:11:05 03:26:09,2022:11:05 03:26:09,2022:11:05 03:26:09,15.2.1,3.99mm f/1.8,iPhone 8 back camera 3.99mm f/1.8,,250,1/4,1.8,4.0 mm,28 mm,-2.968251667,2015 1511 2217 1330
52992846100,2023:02:22 19:37:46,2023:02:22 19:37:46,2023:02:22 19:37:46,16.1.2,3.99mm f/1.8,iPhone 8 back camera 3.99mm f/1.8,,200,1/4,1.8,4.0 mm,28 mm,-2.983226237,2015 1511 2217 1330
52470993639,2022:10:19 19:44:35,2022:10:19 19:44:35,2022:10:19 19:44:35,15.2.1,3.99mm f/1.8,iPhone 8 back camera 3.99mm f/1.8,,125,1/4,1.8,4.0 mm,28 mm,-1.30461906,2015 1511 2217 1330
53128165885,2023:08:11 20:39:32,2023:08:11 20:39:32,2023:08:11 20:39:32,16.1.2,2.869999885mm f/2.2,iPhone 8 front camera 2.87mm f/2.2,,2000,1/15,2.2,2.9 mm,32 mm,-2.982803917,
53125704451,2023:04:22 10:39:55,2023:04:22 10:39:55,2023:04:22 10:39:55,16.1.2,3.99mm f/1.8,iPhone 8 back camera 3.99mm f/1.8,,40,1/17,1.8,4.0 mm,28 mm,2.570210347,2015 1511 2217 1330
53020487442,2023:07:02 12:21:43,2023:07:02 12:21:43,2023:07:02 12:21:43,16.1.2,3.99mm f/1.8,iPhone 8 back camera 3.99mm f/1.8,,64,1/15,1.8,4.0 mm,28 mm,1.669688852,2015 1511 2217 1330
52992517874,2023:04:04 18:02:46,2023:04:04 18:02:46,2023:04:04 18:02:46,16.1.2,3.99mm f/1.8,iPhone 8 back camera 3.99mm f/1.8,,20,1/1297,1.8,4.0 mm,28 mm,9.326394558,2015 1511 2217 1330
53008117657,2023:06:26 09:54:52,2023:06:26 09:54:52,2023:06:26 09:54:52,16.1.2,3.99mm f/1.8,iPhone 8 back camera 3.99mm f/1.8,,25,1/40,1.8,4.0 mm,28 mm,4.469959561,2015 1511 2217 1330
53125878229,2023:08:15 08:32:54,2023:08:15 08:32:54,2023:08:15 08:32:54,16.1.2,3.99mm f/1.8,iPhone 8 back camera 3.99mm f/1.8,,100,1/13,1.8,4.0 mm,28 mm,0.6737335835,2015 1511 2217 1330
