"[FlickrAPI for key ""82fbf72fad4735faa2b9652df0961703""]",52089624734,current_img.jpg,<PIL.JpegImagePlugin.JpegImageFile image mode=RGB size=3072x2304 at 0x2AEAFCE4190>,3072,2304,"[(0, 0, 1013, 760), (0, 760, 1013, 1543), (0, 1543, 1013, 2304), (1013, 0, 2058, 760), (1013, 760, 2058, 1543), (1013, 1543, 2058, 2304), (2058, 0, 3072, 760), (2058, 760, 3072, 1543), (2058, 1543, 3072, 2304)]",1698604065.3260314,0,5208962473400,0.0,255.0,185.480105082194,164808,0.0,255.0,168.10689106693974,160010,0.0,235.0,98.53929237083152,520320,"(231, 199, 145)",1172,"(37.2972972972973, 0.4457831325301204, 0.6745098039215687)",382429,"(42.50000000000001, 0.4675324675324676, 0.30196078431372547)",358090,"(42.42857142857143, 0.7291666666666666, 0.6235294117647059)",283937,"(48.421052631578945, 0.40425531914893614, 0.27647058823529413)",256529,"(37.09090909090907, 0.3956834532374102, 0.7274509803921569)",248592,"(42.58064516129031, 0.7209302325581395, 0.6627450980392157)",194383,"[37.674418604651166, 0.6417910447761193, 0.7372549019607844]",28981,2483,0,203188,28650,306,5617589,3598165,1101564,1202212,301584,181,638,0,0,251,0,0,12922,5,0,12107,0,0,1102051,0.0,0.4177215189873417,0.6555023923444975,0.8048780487804876,1.0,53.16094747028234,0.6252224027660204,0.5696982035363336,0.9607843137254901,16,0.054901960784313725,321,0.37254901960784315,0.6352941176470588,0.7313725490196079,41653,69986,"(42.00000000000001, 0.43209876543209885, 0.3176470588235294)",25279,"(41.666666666666664, 0.45569620253164556, 0.30980392156862746)",20012,"(44.516129032258064, 0.5254237288135594, 0.23137254901960785)",10888,"(41.19402985074627, 0.4011976047904191, 0.32745098039215687)",9877
"[FlickrAPI for key ""82fbf72fad4735faa2b9652df0961703""]",52089624734,current_img.jpg,<PIL.JpegImagePlugin.JpegImageFile image mode=RGB size=3072x2304 at 0x2AEAFCE4190>,3072,2304,"[(0, 0, 1013, 760), (0, 760, 1013, 1543), (0, 1543, 1013, 2304), (1013, 0, 2058, 760), (1013, 760, 2058, 1543), (1013, 1543, 2058, 2304), (2058, 0, 3072, 760), (2058, 760, 3072, 1543), (2058, 1543, 3072, 2304)]",1698604348.6205468,1,5208962473401,43.0,255.0,214.91728451187197,38173,0.0,248.0,191.90785836753778,37696,0.0,215.0,135.22237361666754,14383,"(235, 214, 193)",14,"(37.2972972972973, 0.4457831325301204, 0.6745098039215687)",361104,"(43.064516129032256, 0.7209302325581395, 0.6627450980392157)",188844,"(44.99999999999999, 0.3783783783783784, 0.2901960784313726)",91321,"(74.75409836065575, 0.32972972972972964, 0.6372549019607843)",58983,"(39.807692307692314, 0.6842105263157894, 0.7019607843137254)",33650,"(35.99999999999999, 0.3956834532374102, 0.7274509803921569)",25499,"[30.000000000000018, 0.5121951219512191, 0.8392156862745097]",42,3,0,101752,615,0,617695,297813,55136,50391,15919,2,0,0,0,0,0,0,0,0,0,0,0,0,55138,0.1158798283261803,0.4848484848484848,0.6825396825396822,0.7846153846153845,1.0,43.226893161211876,0.6365902586036205,0.6911641131747552,0.9058823529411765,2822,0.10392156862745099,1,0.6882352941176471,0.7372549019607844,0.788235294117647,28514,29,"(46.15384615384616, 0.3421052631578948, 0.2980392156862745)",1915,"(46.9090909090909, 0.3741496598639456, 0.28823529411764703)",1890,"(46.79999999999999, 0.3205128205128205, 0.3058823529411765)",1438,"(40.8, 0.29761904761904756, 0.32941176470588235)",1238
"[FlickrAPI for key ""82fbf72fad4735faa2b9652df0961703""]",52089624734,current_img.jpg,<PIL.JpegImagePlugin.JpegImageFile image mode=RGB size=3072x2304 at 0x2AEAFCE4190>,3072,2304,"[(0, 0, 1013, 760), (0, 760, 1013, 1543), (0, 1543, 1013, 2304), (1013, 0, 2058, 760), (1013, 760, 2058, 1543), (1013, 1543, 2058, 2304), (2058, 0, 3072, 760), (2058, 760, 3072, 1543), (2058, 1543, 3072, 2304)]",1698604371.7297394,2,5208962473402,0.0,255.0,189.0461346051774,24385,0.0,255.0,175.41187550351182,21946,0.0,229.0,100.50662965106237,25770,"(155, 190, 118)",33,"(41.99999999999999, 0.7291666666666666, 0.6235294117647059)",323738,"(50.35714285714285, 0.4, 0.27450980392156865)",91105,"(89.49152542372882, 0.3371428571428572, 0.6568627450980392)",72007,"(39.09090909090908, 0.45833333333333337, 0.7176470588235294)",43202,"(88.23529411764707, 0.2881355932203389, 0.5372549019607843)",31971,"(110.14925373134331, 0.31162790697674425, 0.5784313725490197)",25934,"[89.1666666666667, 0.3564356435643565, 0.603921568627451]",196,68,0,7410,1191,50,597499,426695,237448,188074,50242,17,0,0,0,0,0,0,0,0,0,0,0,0,237515,0.09090909090909095,0.3900709219858156,0.6335078534031414,0.7912087912087913,1.0,56.33884263703262,0.5983773407005027,0.5853439506237114,0.9490196078431372,1,0.06666666666666667,9,0.5509803921568628,0.6411764705882352,0.6901960784313725,1092,998,"(51.11111111111111, 0.40909090909090906, 0.2588235294117647)",3416,"(50.76923076923077, 0.3768115942028985, 0.2705882352941177)",2935,"(47.30769230769231, 0.36111111111111116, 0.2823529411764706)",2463,"(47.54716981132076, 0.3812949640287769, 0.27254901960784317)",2462
"[FlickrAPI for key ""82fbf72fad4735faa2b9652df0961703""]",52089624734,current_img.jpg,<PIL.JpegImagePlugin.JpegImageFile image mode=RGB size=3072x2304 at 0x2AEAFCE4190>,3072,2304,"[(0, 0, 1013, 760), (0, 760, 1013, 1543), (0, 1543, 1013, 2304), (1013, 0, 2058, 760), (1013, 760, 2058, 1543), (1013, 1543, 2058, 2304), (2058, 0, 3072, 760), (2058, 760, 3072, 1543), (2058, 1543, 3072, 2304)]",1698604401.185324,3,5208962473403,0.0,255.0,175.58470371374497,16714,0.0,255.0,167.427790886673,21285,0.0,210.0,88.27569584884024,52900,"(221, 184, 76)",101,"(93.63636363636364, 0.31428571428571433, 0.5882352941176471)",137664,"(42.794117647058826, 0.6601941747572817, 0.596078431372549)",69451,"(43.087248322147644, 0.67420814479638, 0.5666666666666667)",67577,"(44.14285714285714, 0.6250000000000001, 0.5607843137254902)",56696,"(43.33333333333333, 0.6000000000000001, 0.5882352941176471)",42907,"(100.27397260273972, 0.33031674208144807, 0.5666666666666667)",36189,"[44.68965517241379, 0.6807511737089202, 0.5823529411764706]",420,141,0,3888,2106,25,517070,429691,224377,249515,96519,32,0,0,0,0,0,0,0,0,0,0,0,0,224434,0.08799999999999997,0.40425531914893625,0.5573122529644269,0.7591623036649213,1.0,61.86893433096589,0.5863504590607177,0.5424995885215166,0.9019607843137254,6,0.06666666666666667,36,0.44509803921568625,0.6078431372549019,0.6627450980392157,176,2367,"(52.25806451612904, 0.5254237288135594, 0.23137254901960785)",4998,"(51.72413793103448, 0.4603174603174603, 0.24705882352941178)",4939,"(51.11111111111111, 0.40909090909090906, 0.2588235294117647)",3383,"(52.05882352941177, 0.6181818181818183, 0.2156862745098039)",2801
"[FlickrAPI for key ""82fbf72fad4735faa2b9652df0961703""]",52089624734,current_img.jpg,<PIL.JpegImagePlugin.JpegImageFile image mode=RGB size=3072x2304 at 0x2AEAFCE4190>,3072,2304,"[(0, 0, 1013, 760), (0, 760, 1013, 1543), (0, 1543, 1013, 2304), (1013, 0, 2058, 760), (1013, 760, 2058, 1543), (1013, 1543, 2058, 2304), (2058, 0, 3072, 760), (2058, 760, 3072, 1543), (2058, 1543, 3072, 2304)]",1698604432.3517249,4,5208962473404,0.0,255.0,225.9466028708134,44874,0.0,243.0,197.86396499622262,38980,0.0,203.0,130.4487144296147,24451,"(115, 95, 46)",40,"(34.09090909090907, 0.34920634920634935, 0.7529411764705882)",173841,"(40.18348623853212, 0.7124183006535947, 0.7)",123338,"(40.40816326530612, 0.6999999999999997, 0.7254901960784313)",116809,"(42.31578947368422, 0.6291390728476819, 0.7039215686274509)",113790,"(40.16528925619835, 0.7610062893081762, 0.6882352941176471)",90046,"(41.17647058823529, 0.689189189189189, 0.7098039215686274)",66467,"[42.608695652173914, 0.42857142857142866, 0.3156862745098039]",296,41,0,11066,1704,0,764945,352097,38210,17893,753,0,0,0,0,0,0,0,0,0,0,0,0,0,38210,0.12621359223300968,0.6934306569343063,0.7981651376146792,0.8761061946902656,1.0,42.74457590944495,0.7568938773344175,0.7004746791690738,0.8823529411764706,19,0.07647058823529412,68,0.7098039215686275,0.7470588235294118,0.7784313725490196,1291,760,"(44.26229508196722, 0.3788819875776398, 0.3156862745098039)",1385,"(43.728813559322035, 0.35757575757575755, 0.3235294117647059)",1181,"(42.608695652173914, 0.42857142857142866, 0.3156862745098039)",1124,"(42.25352112676055, 0.45222929936305734, 0.307843137254902)",1051
"[FlickrAPI for key ""82fbf72fad4735faa2b9652df0961703""]",52089624734,current_img.jpg,<PIL.JpegImagePlugin.JpegImageFile image mode=RGB size=3072x2304 at 0x2AEAFCE4190>,3072,2304,"[(0, 0, 1013, 760), (0, 760, 1013, 1543), (0, 1543, 1013, 2304), (1013, 0, 2058, 760), (1013, 760, 2058, 1543), (1013, 1543, 2058, 2304), (2058, 0, 3072, 760), (2058, 760, 3072, 1543), (2058, 1543, 3072, 2304)]",1698604455.0221813,5,5208962473405,0.0,255.0,179.07067285070914,19002,0.0,255.0,176.38728727077185,19984,0.0,229.0,110.80508533611982,53181,"(228, 196, 140)",128,"(42.38532110091743, 0.7622377622377623, 0.7196078431372549)",60140,"(39.130434782608695, 0.5267175572519084, 0.7431372549019608)",56815,"(39.04761904761907, 0.7078651685393257, 0.8254901960784313)",42144,"(83.74999999999999, 0.42857142857142855, 0.7803921568627451)",38380,"(92.06896551724138, 0.36250000000000016, 0.6862745098039216)",37944,"(40.26315789473684, 0.7916666666666663, 0.6235294117647059)",35629,"[38.18181818181818, 0.6197183098591549, 0.7215686274509805]",1349,240,0,5886,2248,21,543021,251749,47809,267979,66286,38,0,0,0,0,0,0,0,0,0,0,0,0,47868,0.05882352941176474,0.37113402061855666,0.5053763440860213,0.815028901734104,1.0,63.183226540853276,0.5821138788587553,0.5941557683282175,0.9490196078431372,12,0.06666666666666667,108,0.4549019607843138,0.6705882352941177,0.7509803921568627,7497,6399,"(51.599999999999994, 0.352112676056338, 0.2784313725490196)",1757,"(50.76923076923077, 0.3768115942028985, 0.2705882352941177)",1693,"(52.075471698113205, 0.3812949640287769, 0.27254901960784317)",1524,"(50.76923076923077, 0.36111111111111116, 0.2823529411764706)",1512
"[FlickrAPI for key ""82fbf72fad4735faa2b9652df0961703""]",52089624734,current_img.jpg,<PIL.JpegImagePlugin.JpegImageFile image mode=RGB size=3072x2304 at 0x2AEAFCE4190>,3072,2304,"[(0, 0, 1013, 760), (0, 760, 1013, 1543), (0, 1543, 1013, 2304), (1013, 0, 2058, 760), (1013, 760, 2058, 1543), (1013, 1543, 2058, 2304), (2058, 0, 3072, 760), (2058, 760, 3072, 1543), (2058, 1543, 3072, 2304)]",1698604487.0175765,6,5208962473406,0.0,255.0,168.1174279624518,14202,0.0,255.0,158.9387924476105,18141,0.0,231.0,83.11980081610069,103867,"(84, 78, 39)",239,"(41.6, 0.6944444444444445, 0.5764705882352941)",56321,"(43.09859154929577, 0.7717391304347825, 0.6392156862745098)",54084,"(41.4765100671141, 0.7339901477832512, 0.6019607843137256)",28568,"(72.49999999999999, 0.42857142857142855, 0.7803921568627451)",27566,"(41.879194630872476, 0.6394849785407727, 0.5431372549019609)",26713,"(97.3913043478261, 0.28630705394190864, 0.5274509803921569)",26299,"[52.00000000000001, 0.3658536585365853, 0.2411764705882353]",2911,479,0,8999,3679,52,539465,393969,175778,243870,55139,53,0,0,0,0,0,0,0,0,0,0,0,0,175883,0.03797468354430384,0.38364779874213845,0.5789473684210525,0.7582417582417581,1.0,61.18726551722726,0.5907313614702022,0.5157659194681526,0.9529411764705882,6,0.054901960784313725,128,0.3215686274509804,0.5823529411764705,0.6549019607843137,1847,19841,"(54.11764705882353, 0.42857142857142855, 0.23333333333333334)",2073,"(53.571428571428584, 0.5, 0.2196078431372549)",2055,"(53.75, 0.38095238095238093, 0.24705882352941178)",1724,"(48.00000000000001, 0.44715447154471544, 0.24117647058823527)",1711
"[FlickrAPI for key ""82fbf72fad4735faa2b9652df0961703""]",52089624734,current_img.jpg,<PIL.JpegImagePlugin.JpegImageFile image mode=RGB size=3072x2304 at 0x2AEAFCE4190>,3072,2304,"[(0, 0, 1013, 760), (0, 760, 1013, 1543), (0, 1543, 1013, 2304), (1013, 0, 2058, 760), (1013, 760, 2058, 1543), (1013, 1543, 2058, 2304), (2058, 0, 3072, 760), (2058, 760, 3072, 1543), (2058, 1543, 3072, 2304)]",1698604523.0452943,7,5208962473407,0.0,255.0,189.13523824353783,27355,0.0,251.0,158.9109532336759,19568,0.0,235.0,84.59523512924322,78550,"(245, 214, 136)",182,"(41.666666666666664, 0.4615384615384615, 0.3058823529411765)",76845,"(39.868421052631575, 0.7524752475247524, 0.603921568627451)",68494,"(43.58490566037735, 0.7571428571428571, 0.7254901960784315)",63082,"(43.53982300884956, 0.701863354037267, 0.6843137254901961)",49604,"(42.4390243902439, 0.7192982456140351, 0.7764705882352941)",37423,"(44.30769230769231, 0.5371900826446281, 0.2372549019607843)",36941,"[42.93577981651376, 0.8449612403100778, 0.7470588235294118]",3443,626,0,14952,7081,44,738243,572830,109020,13755,351,4,0,0,0,8,0,0,121,0,0,118,0,0,109068,0.019417475728155338,0.5324675324675323,0.7414965986394559,0.8260869565217395,1.0,43.226715876427654,0.6942872035630836,0.5380062077254862,0.9607843137254901,1,0.06666666666666667,64,0.3176470588235294,0.6019607843137255,0.7254901960784313,355,2030,"(42.00000000000001, 0.43209876543209885, 0.3176470588235294)",11423,"(44.516129032258064, 0.5254237288135594, 0.23137254901960785)",8449,"(41.666666666666664, 0.45569620253164556, 0.30980392156862746)",8102,"(43.44827586206897, 0.4603174603174603, 0.24705882352941178)",6705
"[FlickrAPI for key ""82fbf72fad4735faa2b9652df0961703""]",52089624734,current_img.jpg,<PIL.JpegImagePlugin.JpegImageFile image mode=RGB size=3072x2304 at 0x2AEAFCE4190>,3072,2304,"[(0, 0, 1013, 760), (0, 760, 1013, 1543), (0, 1543, 1013, 2304), (1013, 0, 2058, 760), (1013, 760, 2058, 1543), (1013, 1543, 2058, 2304), (2058, 0, 3072, 760), (2058, 760, 3072, 1543), (2058, 1543, 3072, 2304)]",1698604553.2126064,8,5208962473408,0.0,255.0,176.655222794038,19024,0.0,248.0,153.16063615135232,17352,0.0,209.0,81.44287384030974,92099,"(249, 224, 148)",260,"(41.194029850746276, 0.432258064516129, 0.303921568627451)",91104,"(40.671140939597315, 0.7720207253886008, 0.6215686274509804)",53466,"(42.061855670103085, 0.7637795275590551, 0.7509803921568627)",45770,"(41.77777777777777, 0.771428571428571, 0.6568627450980392)",45678,"(42.93577981651376, 0.6942675159235668, 0.692156862745098)",38033,"(42.47787610619469, 0.6932515337423312, 0.6803921568627451)",30970,"[45.148514851485146, 0.8938053097345133, 0.7784313725490196]",5254,560,0,17484,6030,72,682974,474834,138637,86888,7703,13,13,0,0,210,0,0,545,0,0,594,0,0,138722,0.0,0.43209876543209885,0.6739130434782608,0.8086956521739134,1.0,48.76653617669195,0.6412768655430022,0.5141361040097191,0.8901960784313725,21,0.06666666666666667,243,0.3176470588235294,0.5666666666666667,0.692156862745098,307,10037,"(42.00000000000001, 0.43209876543209885, 0.3176470588235294)",9759,"(41.666666666666664, 0.45569620253164556, 0.30980392156862746)",6865,"(41.19402985074627, 0.4011976047904191, 0.32745098039215687)",3563,"(44.21052631578949, 0.504424778761062, 0.22156862745098038)",3076
"[FlickrAPI for key ""82fbf72fad4735faa2b9652df0961703""]",52089624734,current_img.jpg,<PIL.JpegImagePlugin.JpegImageFile image mode=RGB size=3072x2304 at 0x2AEAFCE4190>,3072,2304,"[(0, 0, 1013, 760), (0, 760, 1013, 1543), (0, 1543, 1013, 2304), (1013, 0, 2058, 760), (1013, 760, 2058, 1543), (1013, 1543, 2058, 2304), (2058, 0, 3072, 760), (2058, 760, 3072, 1543), (2058, 1543, 3072, 2304)]",1698604586.1450355,9,5208962473409,0.0,255.0,150.80140321957768,20184,0.0,255.0,132.13414561448525,20546,0.0,233.0,71.73113467953253,86621,"(156, 185, 128)",235,"(40.8695652173913, 0.43396226415094347, 0.31176470588235294)",199784,"(41.954887218045116, 0.6487804878048781, 0.5980392156862745)",89082,"(45.245901639344275, 0.6039603960396039, 0.1980392156862745)",20779,"(3.52941176470587, 0.1140939597315436, 0.29215686274509806)",18361,"(40.985915492957744, 0.6893203883495146, 0.596078431372549)",18173,"(42.04379562043796, 0.6492890995260664, 0.5862745098039215)",15289,"[90.52631578947368, 0.2893401015228427, 0.6137254901960785]",15070,325,0,31751,3996,42,616677,398487,75149,83847,8672,22,625,0,0,33,0,0,12256,5,0,11395,0,0,75213,0.0,0.36666666666666675,0.46249999999999997,0.7206703910614523,1.0,57.37059221266921,0.5405532097875254,0.4434695459618014,0.9568627450980391,16,0.054901960784313725,109,0.2980392156862745,0.4019607843137255,0.6215686274509804,574,27525,"(43.63636363636364, 0.5670103092783506, 0.19019607843137254)",6455,"(43.199999999999996, 0.47169811320754723, 0.20784313725490197)",5003,"(41.666666666666664, 0.45569620253164556, 0.30980392156862746)",4338,"(47.83783783783784, 1.0, 0.1450980392156863)",4066
"[FlickrAPI for key ""82fbf72fad4735faa2b9652df0961703""]",52089359231,current_img.jpg,<PIL.JpegImagePlugin.JpegImageFile image mode=RGB size=2304x3072 at 0x2AEAF9B9250>,2304,3072,"[(0, 0, 760, 1013), (0, 1013, 760, 2058), (0, 2058, 760, 3072), (760, 0, 1543, 1013), (760, 1013, 1543, 2058), (760, 2058, 1543, 3072), (1543, 0, 2304, 1013), (1543, 1013, 2304, 2058), (1543, 2058, 2304, 3072)]",1698604621.69909,0,5208935923100,0.0,255.0,183.53832711113824,117297,0.0,255.0,160.63997565375433,165394,0.0,255.0,145.76425453468605,113451,"(255, 197, 139)",344,"(30.000000000000018, 0.08661417322834641, 0.5019607843137255)",4246602,"(31.999999999999982, 0.11904761904761901, 0.5058823529411764)",901668,"(30.810810810810832, 0.20441988950276252, 0.6450980392156862)",193212,"(32.307692307692335, 0.1911764705882352, 0.7333333333333334)",93720,"(25.80000000000001, 0.6578947368421052, 0.7019607843137254)",88544,"(331.34328358208955, 0.5826086956521738, 0.7745098039215687)",87656,"[30.000000000000007, 1.0, 0.7725490196078431]",709707,237648,26826,3710991,306108,130035,1739124,107564,27791,30135,0,0,321444,0,0,42823,0,0,49490,0,0,474174,167975,15929,200581,0.0,0.11864406779661016,0.251231527093596,0.39130434782608675,1.0,76.85623988300541,0.30108851889959126,0.6401063252811255,1.0,21781,0.0,11,0.5372549019607843,0.6235294117647059,0.7627450980392156,1064704,5108,"(31.636363636363644, 0.2791878172588833, 0.6137254901960785)",11444,"(31.07142857142858, 0.2828282828282829, 0.611764705882353)",10384,"(31.07142857142858, 0.28, 0.607843137254902)",10278,"(29.433962264150953, 0.25603864734299514, 0.5941176470588235)",10027
"[FlickrAPI for key ""82fbf72fad4735faa2b9652df0961703""]",52089359231,current_img.jpg,<PIL.JpegImagePlugin.JpegImageFile image mode=RGB size=2304x3072 at 0x2AEAF9B9250>,2304,3072,"[(0, 0, 760, 1013), (0, 1013, 760, 2058), (0, 2058, 760, 3072), (760, 0, 1543, 1013), (760, 1013, 1543, 2058), (760, 2058, 1543, 3072), (1543, 0, 2304, 1013), (1543, 1013, 2304, 2058), (1543, 2058, 2304, 3072)]",1698604845.1378152,1,5208935923101,46.0,255.0,202.64788798254273,30593,0.0,251.0,189.65895074557073,21350,0.0,240.0,175.58379227931627,32152,"(201, 180, 155)",6,"(30.000000000000018, 0.08661417322834641, 0.5019607843137255)",751343,"(31.428571428571423, 0.10994764397905765, 0.37450980392156863)",8139,"(30.0, 0.10227272727272724, 0.34509803921568627)",3646,"(28.800000000000004, 0.6249999999999999, 0.8431372549019608)",3463,"(26.557377049180314, 0.4728682170542637, 0.7470588235294118)",2816,"(23.793103448275858, 0.33333333333333337, 0.6588235294117647)",473,"[32.608695652173935, 0.29870129870129863, 0.6980392156862745]",18291,0,0,627208,20776,0,117463,5074,0,12,0,0,15,0,0,108,0,0,4390,0,0,2393,0,0,0,0.0,0.142857142857143,0.29608938547486036,0.4137931034482759,1.0,33.33348192158052,0.3047717801522609,0.7416111678214177,0.9705882352941176,526,0.09019607843137255,1,0.6274509803921569,0.7509803921568627,0.8862745098039215,261154,3,"(33.33333333333332, 0.6428571428571429, 0.9450980392156862)",7592,"(33.33333333333332, 0.6000000000000002, 0.9411764705882353)",7492,"(34.73684210526314, 0.7037037037037036, 0.9470588235294117)",5421,"(37.89473684210524, 0.6551724137931035, 0.9431372549019608)",5092
"[FlickrAPI for key ""82fbf72fad4735faa2b9652df0961703""]",52089359231,current_img.jpg,<PIL.JpegImagePlugin.JpegImageFile image mode=RGB size=2304x3072 at 0x2AEAF9B9250>,2304,3072,"[(0, 0, 760, 1013), (0, 1013, 760, 2058), (0, 2058, 760, 3072), (760, 0, 1543, 1013), (760, 1013, 1543, 2058), (760, 2058, 1543, 3072), (1543, 0, 2304, 1013), (1543, 1013, 2304, 2058), (1543, 2058, 2304, 3072)]",1698604865.6893623,2,5208935923102,66.0,255.0,186.00228657768824,63884,43.0,239.0,158.243558297658,74841,0.0,229.0,131.51284688995216,54717,"(179, 147, 115)",10,"(31.034482758620697, 0.32222222222222213, 0.6470588235294117)",756011,"(350.0, 0.5999999999999999, 0.7254901960784313)",10130,"(33.39622641509434, 0.8030303030303029, 0.7411764705882353)",9947,"(355.0819672131148, 0.40939597315436227, 0.7078431372549019)",5712,"(32.459016393442624, 0.782051282051282, 0.6941176470588235)",3510,"(26.66666666666664, 0.04812834224598936, 0.3666666666666667)",3401,"[29.999999999999993, 0.29629629629629617, 0.5764705882352941]",14052,12058,0,757660,9353,3318,18404,2415,785,9,0,0,0,0,0,0,0,0,6,0,0,4069,3992,0,4103,0.0,0.26315789473684204,0.28,0.29702970297029707,1.0,36.35932074786494,0.29523369664415017,0.6217515146577391,0.9333333333333333,12506,0.17450980392156862,3,0.592156862745098,0.6098039215686275,0.6274509803921569,23942,0,"(31.636363636363644, 0.2791878172588833, 0.6137254901960785)",11159,"(31.07142857142858, 0.2828282828282829, 0.611764705882353)",10236,"(31.07142857142858, 0.28, 0.607843137254902)",10143,"(32.142857142857146, 0.27722772277227725, 0.603921568627451)",9541
"[FlickrAPI for key ""82fbf72fad4735faa2b9652df0961703""]",52089359231,current_img.jpg,<PIL.JpegImagePlugin.JpegImageFile image mode=RGB size=2304x3072 at 0x2AEAF9B9250>,2304,3072,"[(0, 0, 760, 1013), (0, 1013, 760, 2058), (0, 2058, 760, 3072), (760, 0, 1543, 1013), (760, 1013, 1543, 2058), (760, 2058, 1543, 3072), (1543, 0, 2304, 1013), (1543, 1013, 2304, 2058), (1543, 2058, 2304, 3072)]",1698604885.7082849,3,5208935923103,66.0,255.0,177.31542094882175,24522,0.0,255.0,164.9088316204713,30540,0.0,255.0,144.7644373507734,18464,"(137, 124, 117)",71,"(30.96774193548387, 0.2719298245614036, 0.5529411764705883)",264096,"(30.810810810810832, 0.20441988950276252, 0.6450980392156862)",192564,"(32.307692307692335, 0.1911764705882352, 0.7333333333333334)",94437,"(29.999999999999968, 0.10483870967741933, 0.5137254901960784)",50066,"(58.66666666666667, 0.20361990950226241, 0.5666666666666667)",26575,"(58.77551020408164, 0.24378109452736313, 0.6058823529411764)",17054,"[21.000000000000014, 0.07874015748031496, 0.4980392156862745]",25971,1982,0,434029,37,0,229907,10980,2,3072,0,0,9152,0,0,33677,0,0,26059,0,0,8773,362,0,2,0.0,0.11489361702127664,0.20720720720720698,0.2606635071090047,1.0,59.540100954679005,0.22017770605536252,0.6319951509618692,1.0,15059,0.12941176470588237,2,0.5470588235294118,0.5901960784313726,0.6843137254901961,75128,8,"(0.0, 0.0, 1.0)",4563,"(29.45454545454545, 0.24886877828054305, 0.5666666666666667)",1653,"(29.454545454545446, 0.25114155251141557, 0.5705882352941176)",1618,"(30.545454545454557, 0.2466367713004483, 0.5627450980392157)",1586
"[FlickrAPI for key ""82fbf72fad4735faa2b9652df0961703""]",52089359231,current_img.jpg,<PIL.JpegImagePlugin.JpegImageFile image mode=RGB size=2304x3072 at 0x2AEAF9B9250>,2304,3072,"[(0, 0, 760, 1013), (0, 1013, 760, 2058), (0, 2058, 760, 3072), (760, 0, 1543, 1013), (760, 1013, 1543, 2058), (760, 2058, 1543, 3072), (1543, 0, 2304, 1013), (1543, 1013, 2304, 2058), (1543, 2058, 2304, 3072)]",1698604914.368493,4,5208935923104,66.0,255.0,202.13318809499495,17208,53.0,252.0,191.02348271953747,17829,39.0,249.0,174.13323600347462,11825,"(145, 140, 102)",6,"(31.764705882352935, 0.15315315315315312, 0.5647058823529412)",771567,"(40.0, 0.01886792452830182, 0.6882352941176471)",11870,"(22.50000000000006, 0.12499999999999996, 0.6235294117647059)",6416,"(38.57142857142861, 0.0933333333333332, 0.7058823529411764)",1841,"(52.49999999999995, 0.15584415584415584, 0.6980392156862745)",852,"(55.99999999999997, 0.21327014218009485, 0.5862745098039216)",633,"[53.02325581395351, 0.17408906882591088, 0.4843137254901961]",72745,0,0,379887,7557,0,334434,7275,0,42,0,0,61,0,0,645,0,0,2517,0,0,2848,0,0,0,0.0,0.13445378151260504,0.220183486238532,0.41095890410958924,1.0,38.0098198668293,0.2948788055914281,0.7377962578928787,0.9862745098039216,4386,0.2058823529411765,2,0.5862745098039215,0.7686274509803921,0.896078431372549,272861,0,"(11.99999999999993, 0.2380952380952388, 0.9588235294117646)",5620,"(12.00000000000027, 0.2631578947368428, 0.9627450980392156)",5416,"(11.99999999999993, 0.21739130434782677, 0.9549019607843137)",4990,"(11.99999999999993, 0.20000000000000068, 0.9509803921568627)",3751
"[FlickrAPI for key ""82fbf72fad4735faa2b9652df0961703""]",52089359231,current_img.jpg,<PIL.JpegImagePlugin.JpegImageFile image mode=RGB size=2304x3072 at 0x2AEAF9B9250>,2304,3072,"[(0, 0, 760, 1013), (0, 1013, 760, 2058), (0, 2058, 760, 3072), (760, 0, 1543, 1013), (760, 1013, 1543, 2058), (760, 2058, 1543, 3072), (1543, 0, 2304, 1013), (1543, 1013, 2304, 2058), (1543, 2058, 2304, 3072)]",1698604936.3717778,5,5208935923105,53.0,255.0,208.4760783882381,20371,0.0,255.0,162.89892879185075,18136,0.0,255.0,128.90032814533723,12599,"(255, 197, 131)",114,"(32.72727272727272, 0.25984251968503935, 0.7509803921568627)",199759,"(25.80000000000001, 0.6578947368421052, 0.7019607843137254)",88536,"(26.399999999999995, 0.12820512820512828, 0.38235294117647056)",75393,"(32.38095238095239, 0.9130434782608697, 0.7294117647058823)",45576,"(25.714285714285708, 0.7869822485207102, 0.6686274509803922)",40517,"(33.96226415094338, 0.2994350282485875, 0.6529411764705882)",26308,"[31.935483870967754, 1.0, 0.7568627450980392]",64393,50397,1630,575959,262791,126717,145335,50236,26300,1812,0,0,2455,0,0,11,0,0,2,0,0,28268,16522,4,154651,0.0,0.2427184466019417,0.4829931972789116,0.7560975609756094,1.0,56.33199318413694,0.50179793876046,0.6575394263860868,1.0,10,0.10392156862745099,3,0.5705882352941176,0.6607843137254902,0.7568627450980392,77939,19,"(31.578947368421044, 0.4042553191489359, 0.907843137254902)",4329,"(34.73684210526314, 0.38775510204081615, 0.903921568627451)",3645,"(33.33333333333332, 0.42857142857142816, 0.9176470588235294)",3363,"(31.578947368421044, 0.38775510204081615, 0.903921568627451)",2789
"[FlickrAPI for key ""82fbf72fad4735faa2b9652df0961703""]",52089359231,current_img.jpg,<PIL.JpegImagePlugin.JpegImageFile image mode=RGB size=2304x3072 at 0x2AEAF9B9250>,2304,3072,"[(0, 0, 760, 1013), (0, 1013, 760, 2058), (0, 2058, 760, 3072), (760, 0, 1543, 1013), (760, 1013, 1543, 2058), (760, 2058, 1543, 3072), (1543, 0, 2304, 1013), (1543, 1013, 2304, 2058), (1543, 2058, 2304, 3072)]",1698604965.168038,6,5208935923106,0.0,255.0,139.22108614769976,18343,0.0,255.0,124.23931749882236,23859,0.0,255.0,109.56346147548624,22216,"(180, 173, 174)",81,"(30.967741935483858, 0.12350597609561748, 0.5078431372549019)",542745,"(25.454545454545475, 0.13807531380753138, 0.5313725490196078)",30805,"(38.18181818181817, 0.09322033898305081, 0.4627450980392157)",28260,"(16.666666666666647, 0.07258064516129036, 0.5137254901960785)",17978,"(58.82352941176471, 0.28813559322033894, 0.6529411764705882)",17778,"(338.25, 0.5194805194805195, 0.6980392156862745)",12028,"[351.42857142857144, 0.044585987261146535, 0.692156862745098]",172535,3606,0,385147,776,0,193149,17888,704,641,0,0,797,0,0,547,0,0,3554,0,0,37592,10727,0,704,0.0,0.08457711442786069,0.12000000000000002,0.20855614973262038,1.0,56.393835324766556,0.16556841812778766,0.4861037973319314,1.0,2808,0.054901960784313725,3,0.39019607843137255,0.46274509803921565,0.5647058823529412,11752,1249,"(17.647058823529402, 0.09189189189189187, 0.3627450980392157)",5624,"(17.647058823529402, 0.09392265193370163, 0.35490196078431374)",5599,"(17.647058823529438, 0.09090909090909095, 0.3666666666666667)",5534,"(10.588235294117656, 0.08374384236453207, 0.39803921568627454)",5239
"[FlickrAPI for key ""82fbf72fad4735faa2b9652df0961703""]",52089359231,current_img.jpg,<PIL.JpegImagePlugin.JpegImageFile image mode=RGB size=2304x3072 at 0x2AEAF9B9250>,2304,3072,"[(0, 0, 760, 1013), (0, 1013, 760, 2058), (0, 2058, 760, 3072), (760, 0, 1543, 1013), (760, 1013, 1543, 2058), (760, 2058, 1543, 3072), (1543, 0, 2304, 1013), (1543, 1013, 2304, 2058), (1543, 2058, 2304, 3072)]",1698604991.5944521,7,5208935923107,0.0,255.0,155.55264608707046,13636,0.0,255.0,152.29042162790427,12076,0.0,255.0,136.5661966057546,17129,"(124, 127, 93)",19,"(34.99999999999994, 0.1090909090909091, 0.5686274509803921)",752263,"(10.000000000000238, 0.07317073170731717, 0.8392156862745097)",2829,"(41.53846153846148, 0.07262569832402241, 0.6490196078431373)",1812,"(46.3636363636364, 0.12499999999999988, 0.6549019607843137)",1790,"(67.14285714285714, 0.18918918918918923, 0.43529411764705883)",1294,"(41.24999999999996, 0.10810810810810811, 0.7098039215686275)",1282,"[65.29411764705883, 0.15454545454545457, 0.43137254901960786]",36759,3,0,148199,631,0,482226,13129,0,11788,0,0,75031,0,0,7352,0,0,5769,0,0,3769,0,0,0,0.0,0.06077348066298345,0.1312217194570136,0.2783505154639176,1.0,64.20720638941138,0.19626860442657712,0.5740550931726923,1.0,3897,0.0,11,0.38235294117647056,0.5549019607843138,0.7450980392156863,128806,3314,"(60.0, 0.08235294117647053, 0.16666666666666669)",6268,"(60.0, 0.11688311688311691, 0.15098039215686276)",5200,"(60.0, 0.07526881720430102, 0.1823529411764706)",5027,"(9.99999999999995, 0.30000000000000054, 0.9607843137254901)",3992
"[FlickrAPI for key ""82fbf72fad4735faa2b9652df0961703""]",52089359231,current_img.jpg,<PIL.JpegImagePlugin.JpegImageFile image mode=RGB size=2304x3072 at 0x2AEAF9B9250>,2304,3072,"[(0, 0, 760, 1013), (0, 1013, 760, 2058), (0, 2058, 760, 3072), (760, 0, 1543, 1013), (760, 1013, 1543, 2058), (760, 2058, 1543, 3072), (1543, 0, 2304, 1013), (1543, 1013, 2304, 2058), (1543, 2058, 2304, 3072)]",1698605015.7902384,8,5208935923108,46.0,255.0,203.93576444994937,27958,0.0,250.0,172.6550534740866,34406,0.0,255.0,181.44396003747272,32580,"(243, 212, 225)",17,"(45.00000000000005, 0.03571428571428571, 0.5607843137254902)",643042,"(331.34328358208955, 0.5826086956521738, 0.7745098039215687)",83632,"(31.36363636363636, 0.3548387096774195, 0.7568627450980392)",18053,"(334.8148148148148, 0.5912408759124086, 0.7313725490196078)",14760,"(342.58064516129036, 0.43661971830985863, 0.8607843137254902)",9663,"(342.4390243902439, 0.5418502202643171, 0.5549019607843138)",7554,"[334.8387096774194, 0.5636363636363632, 0.892156862745098]",109669,72602,11733,64829,13,0,155836,4,0,9510,0,0,229378,0,0,394,0,0,539,0,0,225090,66044,6551,18284,0.0,0.08602150537634407,0.28301886792452846,0.6462585034013605,1.0,203.19179354070147,0.37916379785642873,0.7325060534433894,0.9882352941176471,16,0.17450980392156862,2,0.6313725490196078,0.7215686274509804,0.8509803921568627,200842,0,"(180.0, 0.074468085106383, 0.6313725490196078)",5444,"(176.25, 0.08602150537634407, 0.6352941176470588)",4702,"(176.25, 0.08510638297872339, 0.6313725490196078)",4654,"(180.0, 0.07526881720430109, 0.6352941176470588)",4305
"[FlickrAPI for key ""82fbf72fad4735faa2b9652df0961703""]",52089359231,current_img.jpg,<PIL.JpegImagePlugin.JpegImageFile image mode=RGB size=2304x3072 at 0x2AEAF9B9250>,2304,3072,"[(0, 0, 760, 1013), (0, 1013, 760, 2058), (0, 2058, 760, 3072), (760, 0, 1543, 1013), (760, 1013, 1543, 2058), (760, 2058, 1543, 3072), (1543, 0, 2304, 1013), (1543, 1013, 2304, 2058), (1543, 2058, 2304, 3072)]",1698605038.818151,9,5208935923109,0.0,255.0,175.13027341269532,23817,0.0,255.0,129.6764378853735,38271,0.0,249.0,130.066987276681,27794,"(210, 185, 162)",60,"(23.75000000000002, 0.25531914893617025, 0.6313725490196078)",377948,"(341.8032786885246, 0.592233009708738, 0.596078431372549)",59416,"(341.4473684210526, 0.6846846846846848, 0.5647058823529412)",53211,"(339.8360655737705, 0.648936170212766, 0.6313725490196078)",37433,"(333.3333333333333, 0.058823529411764684, 0.3)",33578,"(340.3960396039604, 0.6965517241379308, 0.7156862745098039)",31644,"[28.750000000000004, 0.3478260869565217, 0.7294117647058823]",195292,97000,13463,338073,4174,0,62370,563,0,3249,0,0,4555,0,0,89,0,0,6654,0,0,161372,70328,9374,22837,0.0,0.12918660287081346,0.2648648648648648,0.5545454545454546,1.0,144.43833058192817,0.34149400486523934,0.5761422001743439,0.9882352941176471,1,0.054901960784313725,7,0.43529411764705883,0.615686274509804,0.6588235294117647,12280,515,"(23.33333333333331, 0.08411214953271025, 0.4196078431372549)",5325,"(23.333333333333357, 0.0833333333333333, 0.4235294117647059)",4918,"(11.250000000000012, 0.07476635514018691, 0.4196078431372549)",4088,"(11.249999999999961, 0.07547169811320754, 0.41568627450980394)",4037
"[FlickrAPI for key ""82fbf72fad4735faa2b9652df0961703""]",52079797717,current_img.jpg,<PIL.JpegImagePlugin.JpegImageFile image mode=RGB size=3072x2304 at 0x2AEADAB1690>,3072,2304,"[(0, 0, 1013, 760), (0, 760, 1013, 1543), (0, 1543, 1013, 2304), (1013, 0, 2058, 760), (1013, 760, 2058, 1543), (1013, 1543, 2058, 2304), (2058, 0, 3072, 760), (2058, 760, 3072, 1543), (2058, 1543, 3072, 2304)]",1698605064.8536325,0,5207979771700,0.0,255.0,153.45154232449002,79178,0.0,255.0,131.00094618620696,135187,0.0,255.0,123.84139859234845,120182,"(123, 115, 107)",142,"(34.05405405405406, 0.14859437751004023, 0.5117647058823529)",6806580,"(28.69565217391301, 0.10407239819004527, 0.5666666666666667)",55621,"(23.99999999999999, 0.14084507042253516, 0.2784313725490196)",12847,"(28.42105263157894, 0.3015873015873016, 0.24705882352941178)",11504,"(16.153846153846164, 0.22033898305084745, 0.23137254901960785)",10934,"(34.285714285714306, 0.05691056910569103, 0.24117647058823527)",9811,"[30.0, 0.06956521739130435, 0.45098039215686275]",2134053,153541,4,3812698,21261,8,914433,4171,18,2249,0,0,11227,0,0,25684,0,0,127717,4,0,49827,131,0,30,0.0,0.09917355371900821,0.14583333333333334,0.25600000000000006,1.0,93.29203700679554,0.18427157570656222,0.5420713960734841,1.0,2635,0.0,29,0.40588235294117647,0.5509803921568628,0.6647058823529411,184229,20122,"(38.99999999999998, 0.20833333333333326, 0.8117647058823529)",12829,"(41.052631578947434, 0.20430107526881713, 0.8176470588235294)",9649,"(24.999999999999986, 0.13953488372093023, 0.33725490196078434)",9450,"(25.000000000000018, 0.14285714285714285, 0.32941176470588235)",9444
"[FlickrAPI for key ""82fbf72fad4735faa2b9652df0961703""]",52079797717,current_img.jpg,<PIL.JpegImagePlugin.JpegImageFile image mode=RGB size=3072x2304 at 0x2AEADAB1690>,3072,2304,"[(0, 0, 1013, 760), (0, 760, 1013, 1543), (0, 1543, 1013, 2304), (1013, 0, 2058, 760), (1013, 760, 2058, 1543), (1013, 1543, 2058, 2304), (2058, 0, 3072, 760), (2058, 760, 3072, 1543), (2058, 1543, 3072, 2304)]",1698605343.713305,1,5207979771701,39.0,212.0,117.2661129007118,25332,0.0,201.0,103.57661583623423,26430,0.0,194.0,92.76235906894581,27583,"(118, 105, 96)",11,"(35.67567567567568, 0.14741035856573712, 0.5078431372549019)",757601,"(30.810810810810814, 0.2661870503597122, 0.27254901960784317)",2833,"(40.465116279069775, 0.3439999999999999, 0.2450980392156863)",1963,"(40.97560975609756, 0.2546583850931677, 0.3156862745098039)",1616,"(36.58536585365854, 0.3228346456692913, 0.24901960784313726)",1395,"(41.17647058823529, 0.3422818791946308, 0.29215686274509806)",1323,"[24.54545454545453, 0.10280373831775703, 0.4196078431372549]",71989,0,0,648805,660,0,47243,2088,0,0,0,0,0,0,0,0,0,0,0,0,0,1843,0,0,0,0.03636363636363636,0.10160427807486631,0.12426035502958575,0.1534391534391534,1.0,27.887503817807755,0.14003147491136003,0.4117706986675793,0.7960784313725491,12,0.07647058823529412,30,0.32745098039215687,0.3784313725490196,0.4823529411764706,0,3048,"(25.000000000000018, 0.14285714285714285, 0.32941176470588235)",5365,"(24.999999999999986, 0.13953488372093023, 0.33725490196078434)",5344,"(23.4782608695652, 0.13142857142857145, 0.3431372549019608)",5261,"(23.99999999999999, 0.1515151515151515, 0.3235294117647059)",5178
"[FlickrAPI for key ""82fbf72fad4735faa2b9652df0961703""]",52079797717,current_img.jpg,<PIL.JpegImagePlugin.JpegImageFile image mode=RGB size=3072x2304 at 0x2AEADAB1690>,3072,2304,"[(0, 0, 1013, 760), (0, 760, 1013, 1543), (0, 1543, 1013, 2304), (1013, 0, 2058, 760), (1013, 760, 2058, 1543), (1013, 1543, 2058, 2304), (2058, 0, 3072, 760), (2058, 760, 3072, 1543), (2058, 1543, 3072, 2304)]",1698605374.8755393,2,5207979771702,28.0,236.0,141.34833877346728,17610,0.0,179.0,104.34266414012474,21353,0.0,185.0,102.12510795167294,22549,"(175, 124, 126)",14,"(30.0, 0.1630434782608696, 0.3607843137254902)",778345,"(22.85714285714286, 0.18260869565217389, 0.22549019607843138)",7033,"(4.897959183673475, 0.2832369942196532, 0.3392156862745098)",987,"(28.333333333333336, 0.28125000000000006, 0.25098039215686274)",884,"(33.00000000000001, 0.29411764705882354, 0.26666666666666666)",850,"(12.307692307692312, 0.33620689655172414, 0.45490196078431366)",655,"[357.6470588235294, 0.24170616113744078, 0.5862745098039216]",529788,44930,3,254637,784,5,6228,324,0,0,0,0,0,0,0,0,0,0,8,0,0,2518,43,0,8,0.027777777777777776,0.1348837209302326,0.22077922077922077,0.2956521739130435,1.0,164.88376222479351,0.22790668665981742,0.4735405792857033,0.8098039215686275,27,0.054901960784313725,18,0.3392156862745098,0.45686274509803926,0.6019607843137255,0,1826,"(11.428571428571427, 0.12727272727272726, 0.32352941176470584)",3786,"(10.909090909090914, 0.13580246913580243, 0.3176470588235294)",3785,"(10.909090909090907, 0.13924050632911397, 0.30980392156862746)",3712,"(10.43478260869566, 0.14838709677419346, 0.303921568627451)",3484
"[FlickrAPI for key ""82fbf72fad4735faa2b9652df0961703""]",52079797717,current_img.jpg,<PIL.JpegImagePlugin.JpegImageFile image mode=RGB size=3072x2304 at 0x2AEADAB1690>,3072,2304,"[(0, 0, 1013, 760), (0, 760, 1013, 1543), (0, 1543, 1013, 2304), (1013, 0, 2058, 760), (1013, 760, 2058, 1543), (1013, 1543, 2058, 2304), (2058, 0, 3072, 760), (2058, 760, 3072, 1543), (2058, 1543, 3072, 2304)]",1698605406.326279,3,5207979771703,85.0,234.0,187.19145588298247,20680,0.0,187.0,131.65564351991782,31120,0.0,184.0,134.11358255944728,30840,"(187, 122, 128)",6,"(353.7931034482759, 0.3452380952380951, 0.6705882352941177)",767656,"(355.77464788732397, 0.30472103004291845, 0.5431372549019609)",959,"(3.529411764705883, 0.309090909090909, 0.5686274509803921)",760,"(350.625, 0.2689075630252101, 0.4666666666666667)",525,"(355.23809523809524, 0.28767123287671226, 0.5705882352941176)",501,"(1.9672131147540939, 0.2489795918367346, 0.5196078431372548)",492,"[354.46153846153845, 0.3233830845771144, 0.6058823529411764]",710836,93146,1,58716,45,0,880,0,0,0,0,0,0,0,0,0,0,0,0,0,0,461,22,0,1,0.0431372549019608,0.2654867256637169,0.3259668508287292,0.3734939759036143,1.0,279.2780532535021,0.3107545884739363,0.6229337338670355,0.807843137254902,6,0.16666666666666666,3,0.5745098039215686,0.6313725490196078,0.6784313725490196,0,0,"(354.91525423728814, 0.39597315436241604, 0.7078431372549019)",1358,"(354.0983606557377, 0.35260115606936415, 0.6607843137254902)",1352,"(355.08196721311475, 0.414965986394558, 0.711764705882353)",1256,"(356.99999999999994, 0.34090909090909094, 0.6549019607843137)",1154
"[FlickrAPI for key ""82fbf72fad4735faa2b9652df0961703""]",52079797717,current_img.jpg,<PIL.JpegImagePlugin.JpegImageFile image mode=RGB size=3072x2304 at 0x2AEADAB1690>,3072,2304,"[(0, 0, 1013, 760), (0, 760, 1013, 1543), (0, 1543, 1013, 2304), (1013, 0, 2058, 760), (1013, 760, 2058, 1543), (1013, 1543, 2058, 2304), (2058, 0, 3072, 760), (2058, 760, 3072, 1543), (2058, 1543, 3072, 2304)]",1698605432.499476,4,5207979771704,0.0,227.0,122.57765550239235,17929,0.0,216.0,113.62214051876101,19392,0.0,204.0,107.5877612692017,17666,"(151, 140, 132)",9,"(24.0, 0.09009009009009009, 0.43529411764705883)",786474,"(27.69230769230767, 0.07692307692307689, 0.3313725490196079)",2741,"(42.85714285714293, 0.04347826086956524, 0.3156862745098039)",1010,"(38.823529411764675, 0.08717948717948715, 0.6176470588235294)",866,"(33.33333333333336, 0.11020408163265301, 0.5196078431372548)",780,"(47.99999999999996, 0.07142857142857147, 0.27450980392156865)",697,"[25.263157894736857, 0.08370044052863433, 0.5549019607843138]",58880,0,0,508068,9,0,63225,242,0,548,0,0,6177,0,0,24494,0,0,120622,0,0,12186,0,0,0,0.0,0.05676855895196498,0.09374999999999996,0.11538461538461539,1.0,73.98814545479881,0.0911408342417663,0.45092834076466126,0.8450980392156863,26,0.0,3,0.3392156862745098,0.4470588235294118,0.5509803921568628,0,571,"(240.0, 0.024390243902439025, 0.32156862745098036)",3954,"(240.0, 0.025, 0.3137254901960784)",3942,"(240.0, 0.02564102564102564, 0.3058823529411765)",3823,"(240.0, 0.017964071856287362, 0.32745098039215687)",3821
"[FlickrAPI for key ""82fbf72fad4735faa2b9652df0961703""]",52079797717,current_img.jpg,<PIL.JpegImagePlugin.JpegImageFile image mode=RGB size=3072x2304 at 0x2AEADAB1690>,3072,2304,"[(0, 0, 1013, 760), (0, 760, 1013, 1543), (0, 1543, 1013, 2304), (1013, 0, 2058, 760), (1013, 760, 2058, 1543), (1013, 1543, 2058, 2304), (2058, 0, 3072, 760), (2058, 760, 3072, 1543), (2058, 1543, 3072, 2304)]",1698605458.4921463,5,5207979771705,0.0,255.0,147.04347528521757,11983,0.0,245.0,128.42579698986233,13266,0.0,233.0,120.46647479024975,11596,"(120, 112, 105)",29,"(29.99999999999999, 0.1443298969072165, 0.3803921568627451)",678554,"(23.33333333333332, 0.1267605633802817, 0.2784313725490196)",105548,"(25.714285714285708, 0.20588235294117646, 0.6000000000000001)",5238,"(18.749999999999986, 0.06299212598425197, 0.4980392156862745)",3628,"(25.714285714285687, 0.10447761194029855, 0.6058823529411765)",2315,"(260.0, 0.05357142857142857, 0.2196078431372549)",2041,"[28.000000000000007, 0.06666666666666668, 0.4411764705882353]",203780,5497,0,563039,68,0,43340,55,0,19,0,0,0,0,0,0,0,0,1999,0,0,6058,22,0,0,0.0,0.0967741935483871,0.12676056338028163,0.22727272727272735,1.0,62.686655703508855,0.1819639014679221,0.5235411443354221,0.9568627450980391,68,0.0,13,0.40588235294117647,0.5137254901960785,0.6490196078431373,52304,7569,"(15.999999999999996, 0.14018691588785048, 0.20980392156862746)",2481,"(11.249999999999986, 0.1568627450980392, 0.2)",2468,"(14.117647058823533, 0.17894736842105258, 0.18627450980392157)",2233,"(12.857142857142872, 0.12280701754385966, 0.22352941176470587)",2126
"[FlickrAPI for key ""82fbf72fad4735faa2b9652df0961703""]",52079797717,current_img.jpg,<PIL.JpegImagePlugin.JpegImageFile image mode=RGB size=3072x2304 at 0x2AEADAB1690>,3072,2304,"[(0, 0, 1013, 760), (0, 760, 1013, 1543), (0, 1543, 1013, 2304), (1013, 0, 2058, 760), (1013, 760, 2058, 1543), (1013, 1543, 2058, 2304), (2058, 0, 3072, 760), (2058, 760, 3072, 1543), (2058, 1543, 3072, 2304)]",1698605488.9100416,6,5207979771706,66.0,253.0,195.98269589874818,28799,0.0,240.0,173.4507969242183,25840,0.0,229.0,164.89178303541675,24668,"(149, 123, 110)",9,"(357.39130434782606, 0.19491525423728814, 0.4627450980392157)",787229,"(3.272727272727294, 0.37414965986394555, 0.7117647058823529)",2365,"(356.3636363636364, 0.30555555555555564, 0.5764705882352942)",1394,"(350.35714285714283, 0.2718446601941747, 0.403921568627451)",997,"(5.000000000000015, 0.25806451612903225, 0.6352941176470588)",944,"(11.052631578947377, 0.16101694915254233, 0.4627450980392157)",788,"[19.999999999999996, 0.15537848605577692, 0.5078431372549019]",230540,7021,0,307601,164,1,256651,19,0,0,0,0,0,0,0,0,0,0,0,0,0,453,38,0,1,0.05976095617529876,0.1666666666666668,0.20312500000000017,0.27093596059113306,1.0,93.71773252530669,0.22431806605304933,0.7061922414093866,0.9431372549019608,1717,0.13333333333333333,4,0.6372549019607843,0.7313725490196079,0.7960784313725491,24049,6,"(38.99999999999998, 0.20833333333333326, 0.8117647058823529)",6987,"(41.052631578947434, 0.20430107526881713, 0.8176470588235294)",5553,"(41.052631578947434, 0.2087912087912087, 0.8215686274509804)",4320,"(39.00000000000001, 0.1960784313725492, 0.8)",4149
"[FlickrAPI for key ""82fbf72fad4735faa2b9652df0961703""]",52079797717,current_img.jpg,<PIL.JpegImagePlugin.JpegImageFile image mode=RGB size=3072x2304 at 0x2AEADAB1690>,3072,2304,"[(0, 0, 1013, 760), (0, 760, 1013, 1543), (0, 1543, 1013, 2304), (1013, 0, 2058, 760), (1013, 760, 2058, 1543), (1013, 1543, 2058, 2304), (2058, 0, 3072, 760), (2058, 760, 3072, 1543), (2058, 1543, 3072, 2304)]",1698605512.578837,7,5207979771707,0.0,255.0,147.74581257136924,12544,0.0,255.0,138.53249117616525,13648,0.0,255.0,130.66882720855392,12043,"(146, 144, 139)",15,"(37.14285714285714, 0.09502262443438912, 0.43333333333333335)",673693,"(28.69565217391301, 0.10407239819004527, 0.5666666666666667)",55613,"(34.285714285714285, 0.1590909090909091, 0.34509803921568627)",23921,"(23.22580645161293, 0.16230366492146597, 0.6254901960784314)",3470,"(16.66666666666666, 0.08411214953271025, 0.4196078431372549)",2601,"(31.304347826086975, 0.09623430962343092, 0.5313725490196078)",2416,"[42.85714285714293, 0.031111111111111124, 0.5588235294117647]",82875,4,0,497134,18,0,167809,58,0,1570,0,0,4894,0,0,1056,0,0,3545,0,0,11757,0,0,0,0.0,0.052631578947368356,0.08411214953271025,0.12499999999999988,1.0,39.77952432110866,0.10149064124112397,0.5458038772967924,1.0,2611,0.041176470588235294,22,0.4470588235294118,0.5333333333333333,0.6352941176470588,20977,163,"(50.00000000000002, 0.02654867256637165, 0.44313725490196076)",1152,"(30.0, 0.032786885245901634, 0.47843137254901963)",1142,"(22.500000000000025, 0.03305785123966942, 0.4745098039215686)",1138,"(42.857142857142804, 0.03167420814479639, 0.43333333333333335)",1134
"[FlickrAPI for key ""82fbf72fad4735faa2b9652df0961703""]",52079797717,current_img.jpg,<PIL.JpegImagePlugin.JpegImageFile image mode=RGB size=3072x2304 at 0x2AEADAB1690>,3072,2304,"[(0, 0, 1013, 760), (0, 760, 1013, 1543), (0, 1543, 1013, 2304), (1013, 0, 2058, 760), (1013, 760, 2058, 1543), (1013, 1543, 2058, 2304), (2058, 0, 3072, 760), (2058, 760, 3072, 1543), (2058, 1543, 3072, 2304)]",1698605537.0589852,8,5207979771708,0.0,255.0,136.09840017532326,12632,0.0,255.0,117.73560195576111,17087,0.0,254.0,109.54105486156769,14168,"(141, 132, 123)",32,"(23.4782608695652, 0.0923694779116466, 0.5117647058823529)",720022,"(16.800000000000008, 0.2136752136752137, 0.22941176470588237)",10880,"(34.285714285714306, 0.05785123966942146, 0.2372549019607843)",9525,"(0.0, 0.046728971962616786, 0.20980392156862746)",4966,"(18.571428571428573, 0.32307692307692315, 0.2549019607843137)",4944,"(311.42857142857144, 0.20388349514563103, 0.2019607843137255)",4715,"[30.00000000000003, 0.07317073170731711, 0.5176470588235295]",189157,1069,0,528499,1009,2,60399,216,0,112,0,0,156,0,0,134,0,0,1506,4,0,13999,5,0,2,0.0,0.08910891089108913,0.11210762331838577,0.1847133757961783,1.0,54.9715134467691,0.151710362782519,0.48092539224107667,0.9980392156862745,25,0.0,13,0.37450980392156863,0.4764705882352941,0.584313725490196,921,4719,"(18.749999999999986, 0.08421052631578947, 0.37254901960784315)",1741,"(17.647058823529438, 0.09090909090909095, 0.3666666666666667)",1732,"(23.99999999999998, 0.09174311926605512, 0.5725490196078431)",1714,"(17.647058823529402, 0.09189189189189187, 0.3627450980392157)",1711
"[FlickrAPI for key ""82fbf72fad4735faa2b9652df0961703""]",52079797717,current_img.jpg,<PIL.JpegImagePlugin.JpegImageFile image mode=RGB size=3072x2304 at 0x2AEADAB1690>,3072,2304,"[(0, 0, 1013, 760), (0, 760, 1013, 1543), (0, 1543, 1013, 2304), (1013, 0, 2058, 760), (1013, 760, 2058, 1543), (1013, 1543, 2058, 2304), (2058, 0, 3072, 760), (2058, 760, 3072, 1543), (2058, 1543, 3072, 2304)]",1698605564.1164985,9,5207979771709,21.0,247.0,186.5804311258673,19209,0.0,239.0,168.10681730412853,20529,0.0,228.0,152.80610092087906,21067,"(182, 145, 117)",15,"(356.1290322580645, 0.3369565217391303, 0.6392156862745098)",743241,"(28.333333333333325, 0.29508196721311475, 0.23921568627450981)",12600,"(36.00000000000001, 0.27777777777777773, 0.21176470588235294)",2929,"(25.71428571428572, 0.11475409836065574, 0.2392156862745098)",1659,"(356.4705882352941, 0.17525773195876293, 0.3803921568627451)",1625,"(11.999999999999996, 0.23489932885906037, 0.29215686274509806)",1326,"[25.84615384615384, 0.30805687203791476, 0.5862745098039216]",56208,1874,0,446199,18504,0,268658,1169,18,0,0,0,0,0,0,0,0,0,37,0,0,552,1,0,18,0.0,0.1341463414634147,0.22580645161290308,0.29186602870813405,1.0,43.90747590028175,0.2304020882505074,0.6652350588704874,0.9313725490196079,2,0.041176470588235294,54,0.5666666666666667,0.6470588235294117,0.8235294117647058,85978,2220,"(38.99999999999998, 0.20833333333333326, 0.8117647058823529)",5842,"(37.14285714285715, 0.2800000000000001, 0.8529411764705883)",5065,"(36.000000000000014, 0.27777777777777785, 0.8588235294117648)",4858,"(37.142857142857125, 0.2727272727272725, 0.8490196078431372)",4635
"[FlickrAPI for key ""82fbf72fad4735faa2b9652df0961703""]",51761911514,current_img.jpg,<PIL.JpegImagePlugin.JpegImageFile image mode=RGB size=2304x3072 at 0x2AEB6EC7C50>,2304,3072,"[(0, 0, 760, 1013), (0, 1013, 760, 2058), (0, 2058, 760, 3072), (760, 0, 1543, 1013), (760, 1013, 1543, 2058), (760, 2058, 1543, 3072), (1543, 0, 2304, 1013), (1543, 1013, 2304, 2058), (1543, 2058, 2304, 3072)]",1698605589.2273383,0,5176191151400,0.0,255.0,181.7957157558865,88519,0.0,255.0,179.94753887035228,118201,0.0,255.0,172.5034258807147,278065,"(251, 238, 227)",2222,"(38.70967741935485, 0.35632183908045945, 0.8294117647058823)",1014267,"(17.142857142857196, 0.10937500000000003, 0.7490196078431373)",659205,"(202.5806451612903, 0.5923566878980892, 0.692156862745098)",387373,"(340.00000000000006, 0.058823529411764774, 0.8)",295526,"(41.53846153846155, 0.42622950819672145, 0.7607843137254902)",149883,"(13.846153846153817, 0.15294117647058805, 0.8333333333333333)",128568,"[27.500000000000043, 0.75, 0.9372549019607843]",519000,12234,0,1322154,69984,64,2552904,232803,3051,45168,18,0,1486474,409986,1519,452956,3569,15,433161,935,1,266071,474,0,4650,0.0,0.17948717948717952,0.2993630573248407,0.4421768707482994,1.0,112.77009515705359,0.34986558202857315,0.6938709605320165,1.0,5095,0.0,459,0.6333333333333333,0.7313725490196079,0.8098039215686275,1036254,76425,"(0.0, 1.0, 0.13333333333333333)",4989,"(0.0, 1.0, 0.14901960784313725)",4922,"(0.0, 1.0, 0.13725490196078433)",4852,"(0.0, 1.0, 0.1450980392156863)",4723
"[FlickrAPI for key ""82fbf72fad4735faa2b9652df0961703""]",51761911514,current_img.jpg,<PIL.JpegImagePlugin.JpegImageFile image mode=RGB size=2304x3072 at 0x2AEB6EC7C50>,2304,3072,"[(0, 0, 760, 1013), (0, 1013, 760, 2058), (0, 2058, 760, 3072), (760, 0, 1543, 1013), (760, 1013, 1543, 2058), (760, 2058, 1543, 3072), (1543, 0, 2304, 1013), (1543, 1013, 2304, 2058), (1543, 2058, 2304, 3072)]",1698605917.199951,1,5176191151401,0.0,255.0,151.15973398451706,13003,0.0,255.0,170.86936665454357,15646,0.0,255.0,188.40593728892816,25966,"(133, 111, 102)",333,"(202.10526315789474, 0.6050955414012739, 0.692156862745098)",184140,"(205.86206896551727, 0.3717948717948718, 0.6941176470588235)",41751,"(204.4067796610169, 0.5042735042735041, 0.7705882352941176)",36801,"(205.5882352941176, 0.35789473684210515, 0.6274509803921569)",26251,"(220.00000000000003, 0.34545454545454535, 0.6764705882352942)",13103,"(220.00000000000003, 0.3333333333333335, 0.7)",12496,"[17.41935483870967, 0.13191489361702127, 0.4607843137254902]",39557,1893,0,91664,8060,0,44018,4403,12,1544,1,0,464679,154215,1067,69480,2010,2,40064,645,1,18874,201,0,1082,0.0,0.26881720430107525,0.3807106598984771,0.5681818181818185,1.0,174.10759362178635,0.43815761981925,0.6646952899204052,1.0,115,0.0,4,0.6,0.692156862745098,0.7764705882352941,68728,10389,"(205.054945054945, 0.5515151515151515, 0.6764705882352942)",1116,"(204.66666666666663, 0.5555555555555556, 0.6823529411764706)",986,"(0.0, 1.0, 0.13333333333333333)",895,"(0.0, 1.0, 0.13725490196078433)",864
"[FlickrAPI for key ""82fbf72fad4735faa2b9652df0961703""]",51761911514,current_img.jpg,<PIL.JpegImagePlugin.JpegImageFile image mode=RGB size=2304x3072 at 0x2AEB6EC7C50>,2304,3072,"[(0, 0, 760, 1013), (0, 1013, 760, 2058), (0, 2058, 760, 3072), (760, 0, 1543, 1013), (760, 1013, 1543, 2058), (760, 2058, 1543, 3072), (1543, 0, 2304, 1013), (1543, 1013, 2304, 2058), (1543, 2058, 2304, 3072)]",1698605950.9330199,2,5176191151402,0.0,255.0,183.48017375975826,10757,0.0,255.0,168.20156131956685,23162,0.0,255.0,158.57827373457567,53036,"(145, 124, 98)",396,"(319.9999999999999, 0.06000000000000006, 0.803921568627451)",192270,"(49.09090909090913, 0.27272727272727265, 0.7627450980392156)",29349,"(31.30434782608699, 0.46938775510204067, 0.9039215686274509)",18984,"(40.0, 0.37500000000000006, 0.7490196078431373)",18786,"(240.0, 0.05882352941176451, 0.9333333333333333)",18722,"(40.8, 0.46296296296296285, 0.788235294117647)",12266,"[33.19148936170212, 0.19341563786008226, 0.4764705882352941]",123798,4987,0,277098,19971,6,197528,14791,168,82,0,0,17841,1612,51,58861,560,2,66855,64,0,52137,122,0,227,0.0,0.15384615384615377,0.23720930232558143,0.3484848484848487,1.0,96.815015436417,0.3055299655913751,0.6689323280054905,1.0,491,0.041176470588235294,3,0.5745098039215686,0.7313725490196079,0.8196078431372549,131540,13697,"(0.0, 1.0, 0.14901960784313725)",1750,"(0.0, 1.0, 0.1450980392156863)",1618,"(0.0, 1.0, 0.13725490196078433)",1618,"(0.0, 1.0, 0.13333333333333333)",1566
"[FlickrAPI for key ""82fbf72fad4735faa2b9652df0961703""]",51761911514,current_img.jpg,<PIL.JpegImagePlugin.JpegImageFile image mode=RGB size=2304x3072 at 0x2AEB6EC7C50>,2304,3072,"[(0, 0, 760, 1013), (0, 1013, 760, 2058), (0, 2058, 760, 3072), (760, 0, 1543, 1013), (760, 1013, 1543, 2058), (760, 2058, 1543, 3072), (1543, 0, 2304, 1013), (1543, 1013, 2304, 2058), (1543, 2058, 2304, 3072)]",1698605985.1360898,3,5176191151403,0.0,255.0,197.10654391155404,11744,0.0,255.0,191.95031013183848,13586,0.0,255.0,178.95822822589017,17099,"(237, 230, 212)",287,"(42.50000000000002, 0.4, 0.7647058823529411)",113855,"(247.5, 0.06779661016949151, 0.7686274509803921)",91736,"(188.57142857142856, 0.076923076923077, 0.8215686274509804)",42334,"(41.14285714285715, 0.3535353535353535, 0.8058823529411765)",38751,"(40.71428571428572, 0.27722772277227725, 0.603921568627451)",23151,"(28.000000000000007, 0.23809523809523803, 0.8764705882352941)",22023,"[43.19999999999998, 0.40983606557377056, 0.8803921568627451]",49386,241,0,89171,2197,0,371113,30962,471,14422,0,0,90396,3891,155,68845,300,9,54775,29,0,32532,4,0,635,0.0,0.17647058823529388,0.2812499999999999,0.3999999999999999,1.0,109.3707681215847,0.3201438907446863,0.7369480955986674,1.0,594,0.06666666666666667,29,0.6784313725490196,0.7705882352941176,0.8352941176470587,155358,3549,"(0.0, 1.0, 0.13725490196078433)",281,"(0.0, 1.0, 0.1450980392156863)",239,"(0.0, 1.0, 0.12941176470588237)",211,"(0.0, 1.0, 0.14901960784313725)",204
"[FlickrAPI for key ""82fbf72fad4735faa2b9652df0961703""]",51761911514,current_img.jpg,<PIL.JpegImagePlugin.JpegImageFile image mode=RGB size=2304x3072 at 0x2AEB6EC7C50>,2304,3072,"[(0, 0, 760, 1013), (0, 1013, 760, 2058), (0, 2058, 760, 3072), (760, 0, 1543, 1013), (760, 1013, 1543, 2058), (760, 2058, 1543, 3072), (1543, 0, 2304, 1013), (1543, 1013, 2304, 2058), (1543, 2058, 2304, 3072)]",1698606022.530377,4,5176191151404,0.0,255.0,167.96090668058534,14517,0.0,255.0,191.89545487210327,23978,0.0,255.0,209.6649848268802,25176,"(206, 196, 196)",135,"(206.78571428571428, 0.4666666666666667, 0.7647058823529411)",176434,"(16.00000000000005, 0.11811023622047244, 0.7509803921568627)",154617,"(210.0, 0.3505154639175258, 0.6196078431372549)",126366,"(202.97872340425536, 0.23857868020304576, 0.6137254901960785)",89509,"(201.17647058823533, 0.33333333333333326, 0.6)",31852,"(212.30769230769224, 0.26530612244897955, 0.807843137254902)",14737,"[0.0, 0.09259259259259255, 0.7882352941176471]",44548,33,0,74249,94,0,39319,345,6,2957,0,0,523468,184541,183,56756,396,0,26012,7,0,25870,6,0,189,0.0,0.2189349112426036,0.35260115606936415,0.5675675675675677,1.0,180.57788007566867,0.3928268532975714,0.739871879178473,0.9980392156862745,623,0.054901960784313725,1,0.6745098039215687,0.7294117647058823,0.807843137254902,135158,80,"(203.33333333333331, 0.5844155844155844, 0.6980392156862745)",1906,"(203.5955056179775, 0.5973154362416107, 0.7078431372549019)",1772,"(202.5, 0.6111111111111109, 0.7176470588235293)",1525,"(202.92134831460672, 0.6054421768707482, 0.7117647058823529)",1493
"[FlickrAPI for key ""82fbf72fad4735faa2b9652df0961703""]",51761911514,current_img.jpg,<PIL.JpegImagePlugin.JpegImageFile image mode=RGB size=2304x3072 at 0x2AEB6EC7C50>,2304,3072,"[(0, 0, 760, 1013), (0, 1013, 760, 2058), (0, 2058, 760, 3072), (760, 0, 1543, 1013), (760, 1013, 1543, 2058), (760, 2058, 1543, 3072), (1543, 0, 2304, 1013), (1543, 1013, 2304, 2058), (1543, 2058, 2304, 3072)]",1698606054.0088668,5,5176191151405,0.0,255.0,197.39749094086662,14158,0.0,255.0,193.0432797423723,14475,0.0,255.0,191.50021815248675,22163,"(247, 233, 220)",235,"(19.999999999999936, 0.18367346938775508, 0.807843137254902)",162050,"(20.000000000000128, 0.09278350515463911, 0.8098039215686275)",128608,"(69.99999999999996, 0.3157894736842101, 0.9254901960784314)",64950,"(41.81818181818183, 0.3333333333333333, 0.8058823529411765)",47590,"(211.20000000000005, 0.32467532467532456, 0.8490196078431373)",30615,"(326.66666666666674, 0.06569343065693428, 0.7313725490196079)",13533,"[28.88888888888886, 0.6279069767441864, 0.915686274509804]",94033,901,0,228138,3815,2,193056,1155,16,7170,0,0,99969,1252,14,84458,238,2,62012,163,0,49399,111,0,34,0.0,0.11724137931034481,0.2075471698113209,0.3333333333333332,1.0,115.93582580846395,0.26172137314442656,0.7613325957342183,1.0,1789,0.06666666666666667,54,0.7078431372549019,0.7843137254901961,0.8450980392156863,189373,5360,"(0.0, 1.0, 0.13725490196078433)",563,"(0.0, 1.0, 0.13333333333333333)",534,"(0.0, 1.0, 0.1450980392156863)",493,"(0.0, 1.0, 0.14901960784313725)",454
"[FlickrAPI for key ""82fbf72fad4735faa2b9652df0961703""]",51761911514,current_img.jpg,<PIL.JpegImagePlugin.JpegImageFile image mode=RGB size=2304x3072 at 0x2AEB6EC7C50>,2304,3072,"[(0, 0, 760, 1013), (0, 1013, 760, 2058), (0, 2058, 760, 3072), (760, 0, 1543, 1013), (760, 1013, 1543, 2058), (760, 2058, 1543, 3072), (1543, 0, 2304, 1013), (1543, 1013, 2304, 2058), (1543, 2058, 2304, 3072)]",1698606092.032319,6,5176191151406,0.0,255.0,198.55343454724533,14446,0.0,255.0,185.62378804023368,14762,0.0,255.0,166.17870502618513,29610,"(195, 183, 184)",198,"(6.666666666666643, 0.07438016528925616, 0.7627450980392156)",413987,"(39.183673469387756, 0.3525179856115107, 0.7274509803921568)",55524,"(41.250000000000014, 0.3809523809523808, 0.6705882352941176)",31198,"(42.461538461538446, 0.39877300613496935, 0.6803921568627451)",24370,"(40.6451612903226, 0.4246575342465751, 0.8568627450980392)",7943,"(40.273972602739725, 0.3273542600896862, 0.5627450980392157)",7599,"[355.0, 0.09090909090909079, 0.7411764705882353]",61025,1183,0,178676,10464,55,418505,45486,1229,1401,0,0,15112,161,7,37215,18,0,45990,27,0,36038,7,0,1291,0.0,0.14851485148514862,0.272727272727273,0.4022988505747127,1.0,79.98452662169187,0.3209737082046231,0.7142760573665032,1.0,273,0.0,1,0.6705882352941177,0.7490196078431373,0.8117647058823529,111595,1741,"(0.0, 1.0, 0.14901960784313725)",354,"(0.0, 1.0, 0.17058823529411765)",299,"(0.0, 1.0, 0.1568627450980392)",298,"(0.0, 1.0, 0.16470588235294117)",291
"[FlickrAPI for key ""82fbf72fad4735faa2b9652df0961703""]",51761911514,current_img.jpg,<PIL.JpegImagePlugin.JpegImageFile image mode=RGB size=2304x3072 at 0x2AEB6EC7C50>,2304,3072,"[(0, 0, 760, 1013), (0, 1013, 760, 2058), (0, 2058, 760, 3072), (760, 0, 1543, 1013), (760, 1013, 1543, 2058), (760, 2058, 1543, 3072), (1543, 0, 2304, 1013), (1543, 1013, 2304, 2058), (1543, 2058, 2304, 3072)]",1698606129.3073957,7,5176191151407,0.0,255.0,160.64479376515288,12682,0.0,255.0,163.05011849893566,12249,0.0,255.0,154.84461137927053,46467,"(151, 129, 89)",286,"(27.272727272727323, 0.1692307692307692, 0.7450980392156863)",111257,"(36.73469387755104, 0.3426573426573426, 0.7196078431372549)",60523,"(203.73626373626368, 0.558282208588957, 0.6803921568627451)",51657,"(208.00000000000003, 0.1648351648351649, 0.8215686274509804)",43355,"(202.81690140845072, 0.35678391959798994, 0.6098039215686275)",27893,"(203.4782608695652, 0.323943661971831, 0.7215686274509804)",23517,"[38.70967741935483, 0.25833333333333336, 0.47058823529411764]",29239,1568,0,124365,14632,0,242684,40272,159,9342,17,0,248285,60148,42,36105,40,0,60727,0,0,20146,8,0,201,0.0,0.19999999999999987,0.30952380952380953,0.4415584415584415,1.0,126.2777963378855,0.3597869046296369,0.6181655051794656,1.0,194,0.0,13,0.5078431372549019,0.6705882352941177,0.7490196078431373,48764,6349,"(0.0, 1.0, 0.14901960784313725)",483,"(0.0, 1.0, 0.1450980392156863)",408,"(0.0, 1.0, 0.15294117647058825)",406,"(0.0, 1.0, 0.1568627450980392)",355
"[FlickrAPI for key ""82fbf72fad4735faa2b9652df0961703""]",51761911514,current_img.jpg,<PIL.JpegImagePlugin.JpegImageFile image mode=RGB size=2304x3072 at 0x2AEB6EC7C50>,2304,3072,"[(0, 0, 760, 1013), (0, 1013, 760, 2058), (0, 2058, 760, 3072), (760, 0, 1543, 1013), (760, 1013, 1543, 2058), (760, 2058, 1543, 3072), (1543, 0, 2304, 1013), (1543, 1013, 2304, 2058), (1543, 2058, 2304, 3072)]",1698606163.1010716,8,5176191151408,0.0,255.0,193.46258448654189,16857,0.0,255.0,184.46409974284654,12776,0.0,255.0,168.93261699224766,22359,"(207, 199, 176)",112,"(38.709677419354804, 0.36470588235294116, 0.8333333333333334)",419869,"(261.42857142857144, 0.10447761194029834, 0.7372549019607844)",142568,"(240.0, 0.03703703703703688, 0.9470588235294117)",37739,"(34.285714285714306, 0.20388349514563123, 0.7980392156862746)",13388,"(41.17647058823529, 0.5257731958762885, 0.8098039215686275)",11254,"(29.999999999999993, 0.21739130434782608, 0.4509803921568628)",11044,"[44.516129032258064, 0.2440944881889764, 0.7509803921568627]",44974,611,0,147279,5644,0,426639,17997,31,7836,0,0,26619,4166,0,40994,7,0,74897,0,0,26007,13,0,31,0.0,0.16814159292035397,0.26368159203980096,0.44444444444444453,1.0,87.57235637505904,0.33865757691179504,0.7096794710817326,1.0,1209,0.041176470588235294,1,0.6450980392156862,0.7509803921568627,0.8215686274509804,136340,4465,"(0.0, 1.0, 0.13333333333333333)",439,"(0.0, 1.0, 0.13725490196078433)",401,"(0.0, 1.0, 0.1450980392156863)",392,"(45.0, 0.2318840579710144, 0.7294117647058823)",385
"[FlickrAPI for key ""82fbf72fad4735faa2b9652df0961703""]",51761911514,current_img.jpg,<PIL.JpegImagePlugin.JpegImageFile image mode=RGB size=2304x3072 at 0x2AEB6EC7C50>,2304,3072,"[(0, 0, 760, 1013), (0, 1013, 760, 2058), (0, 2058, 760, 3072), (760, 0, 1543, 1013), (760, 1013, 1543, 2058), (760, 2058, 1543, 3072), (1543, 0, 2304, 1013), (1543, 1013, 2304, 2058), (1543, 2058, 2304, 3072)]",1698606194.499905,9,5176191151409,0.0,255.0,184.87837294953437,11863,0.0,255.0,169.3253141952222,12653,0.0,252.0,134.01040362649582,71313,"(197, 183, 142)",280,"(43.84615384615385, 0.3170731707317073, 0.6784313725490196)",100023,"(43.018867924528294, 0.36551724137931024, 0.7156862745098039)",76123,"(44.26229508196722, 0.43884892086330946, 0.7274509803921568)",71553,"(38.1818181818182, 0.35483870967741926, 0.8176470588235294)",60007,"(28.421052631578952, 0.16521739130434776, 0.7745098039215687)",41449,"(47.05882352941175, 0.435897435897436, 0.7705882352941176)",20976,"[44.72727272727272, 0.3216374269005848, 0.6647058823529413]",32440,817,0,111514,5107,1,620042,77392,959,414,0,0,105,0,0,242,0,0,1829,0,0,5068,2,0,960,0.0,0.26108374384236466,0.3411764705882352,0.4848484848484849,1.0,44.54071357665571,0.4177617856040125,0.6251522410963729,0.9941176470588236,67,0.0,441,0.5235294117647059,0.6941176470588235,0.7764705882352941,59398,30795,"(0.0, 1.0, 0.13333333333333333)",856,"(38.490566037735846, 1.0, 0.10392156862745099)",849,"(28.47457627118644, 1.0, 0.11568627450980393)",846,"(20.655737704918035, 1.0, 0.11960784313725491)",830
"[FlickrAPI for key ""82fbf72fad4735faa2b9652df0961703""]",50868816562,current_img.jpg,<PIL.JpegImagePlugin.JpegImageFile image mode=RGB size=1539x2048 at 0x2AEB76BBE90>,1539,2048,"[(0, 0, 507, 675), (0, 675, 507, 1372), (0, 1372, 507, 2048), (507, 0, 1031, 675), (507, 675, 1031, 1372), (507, 1372, 1031, 2048), (1031, 0, 1539, 675), (1031, 675, 1539, 1372), (1031, 1372, 1539, 2048)]",1698606233.2738814,0,5086881656200,0.0,255.0,165.87232032265268,67829,0.0,255.0,154.3816744461704,61417,0.0,254.0,143.63920267066683,50768,"(160, 138, 120)",322,"(39.310344827586235, 0.22834645669291345, 0.7509803921568627)",936070,"(20.625000000000036, 0.4210526315789471, 0.8509803921568627)",844302,"(33.33333333333335, 0.07627118644067798, 0.4627450980392157)",252322,"(37.49999999999999, 0.19417475728155342, 0.5960784313725491)",127097,"(60.0, 0.07339449541284404, 0.42745098039215684)",110972,"(60.0, 0.12195121951219513, 0.16078431372549018)",86924,"[26.99999999999999, 0.17391304347826086, 0.5490196078431373]",257874,17681,1,1254350,8165,3,1460042,13239,50,30697,0,0,67604,15756,3,2346,0,0,7601,0,0,71358,296,1,58,0.0,0.04615384615384613,0.1300813008130081,0.2608695652173913,1.0,50.49772350222507,0.20333882841130396,0.6064802155049197,0.9980392156862745,50,0.0,171,0.503921568627451,0.5823529411764705,0.7411764705882353,329355,14883,"(41.37931034482758, 0.287128712871287, 0.8019607843137255)",10858,"(25.71428571428561, 0.02953586497890297, 0.5352941176470589)",7109,"(25.71428571428572, 0.029288702928870185, 0.5313725490196078)",6963,"(25.714285714285857, 0.02904564315352698, 0.5274509803921568)",6719
"[FlickrAPI for key ""82fbf72fad4735faa2b9652df0961703""]",50868816562,current_img.jpg,<PIL.JpegImagePlugin.JpegImageFile image mode=RGB size=1539x2048 at 0x2AEB76BBE90>,1539,2048,"[(0, 0, 507, 675), (0, 675, 507, 1372), (0, 1372, 507, 2048), (507, 0, 1031, 675), (507, 675, 1031, 1372), (507, 1372, 1031, 2048), (1031, 0, 1539, 675), (1031, 675, 1539, 1372), (1031, 1372, 1539, 2048)]",1698606332.5363061,1,5086881656201,46.0,232.0,198.73110088392139,18484,28.0,220.0,188.69635181532618,18502,0.0,203.0,170.12522463291694,17139,"(217, 208, 188)",8,"(39.310344827586235, 0.22834645669291345, 0.7509803921568627)",313830,"(37.49999999999999, 0.19417475728155342, 0.5960784313725491)",11242,"(30.0, 0.09302325581395349, 0.33725490196078434)",10340,"(23.478260869565226, 0.18699186991869918, 0.48235294117647054)",2682,"(36.00000000000003, 0.19230769230769235, 0.6941176470588235)",2119,"(20.526315789473696, 0.17757009345794392, 0.580392156862745)",1048,"[41.37931034482758, 0.2761904761904761, 0.7941176470588236]",2890,133,0,32533,29,0,306007,3,0,224,0,0,571,0,0,0,0,0,0,0,0,0,0,0,0,0.01980198019801987,0.18881118881118888,0.2213740458015268,0.2815533980582523,1.0,39.410176406674644,0.22521423685384262,0.723268185848377,0.8490196078431372,135,0.09019607843137255,2,0.7098039215686274,0.7431372549019608,0.7980392156862746,0,10,"(41.37931034482758, 0.287128712871287, 0.8019607843137255)",10853,"(42.85714285714286, 0.28571428571428586, 0.807843137254902)",6191,"(41.3793103448276, 0.29896907216494856, 0.8098039215686275)",5367,"(41.37931034482758, 0.2815533980582523, 0.7980392156862746)",4992
"[FlickrAPI for key ""82fbf72fad4735faa2b9652df0961703""]",50868816562,current_img.jpg,<PIL.JpegImagePlugin.JpegImageFile image mode=RGB size=1539x2048 at 0x2AEB76BBE90>,1539,2048,"[(0, 0, 507, 675), (0, 675, 507, 1372), (0, 1372, 507, 2048), (507, 0, 1031, 675), (507, 675, 1031, 1372), (507, 1372, 1031, 2048), (1031, 0, 1539, 675), (1031, 675, 1539, 1372), (1031, 1372, 1539, 2048)]",1698606341.6242769,2,5086881656202,0.0,255.0,154.24453348953955,10038,0.0,255.0,140.77723350849936,10519,0.0,252.0,126.95865345705319,7270,"(144, 132, 115)",43,"(34.88372093023256, 0.2037914691943127, 0.5862745098039215)",115783,"(19.354838709677455, 0.20261437908496732, 0.7)",102069,"(26.66666666666671, 0.11894273127753299, 0.5549019607843138)",42647,"(40.71428571428573, 0.2592592592592594, 0.788235294117647)",20676,"(29.032258064516103, 0.12350597609561753, 0.49215686274509807)",16570,"(12.352941176470592, 0.3119266055045873, 0.5725490196078431)",6083,"[35.17241379310348, 0.11553784860557767, 0.5078431372549019]",30691,1237,0,175956,586,1,134556,24,0,1781,0,0,10023,341,0,143,0,0,91,0,0,138,0,0,1,0.0,0.09589041095890416,0.15226337448559674,0.19431279620853076,1.0,39.339270058946965,0.15288828239352306,0.5515525879035945,0.9941176470588236,15,0.0,1,0.4725490196078431,0.5529411764705883,0.6294117647058823,749,97,"(37.777777777777786, 0.262135922330097, 0.7980392156862746)",1067,"(33.65853658536587, 0.18721461187214616, 0.5705882352941176)",970,"(33.65853658536586, 0.18894009216589858, 0.5745098039215686)",940,"(34.5, 0.18518518518518515, 0.5764705882352941)",897
"[FlickrAPI for key ""82fbf72fad4735faa2b9652df0961703""]",50868816562,current_img.jpg,<PIL.JpegImagePlugin.JpegImageFile image mode=RGB size=1539x2048 at 0x2AEB76BBE90>,1539,2048,"[(0, 0, 507, 675), (0, 675, 507, 1372), (0, 1372, 507, 2048), (507, 0, 1031, 675), (507, 675, 1031, 1372), (507, 1372, 1031, 2048), (1031, 0, 1539, 675), (1031, 675, 1539, 1372), (1031, 1372, 1539, 2048)]",1698606353.2807207,3,5086881656203,0.0,255.0,160.1279016841147,14456,0.0,235.0,150.52728079082198,15062,0.0,221.0,141.10405798116312,14641,"(138, 135, 130)",10,"(35.55555555555556, 0.12217194570135748, 0.43333333333333335)",300991,"(49.090909090909115, 0.043824701195219085, 0.492156862745098)",25210,"(50.00000000000005, 0.03750000000000005, 0.3137254901960784)",6485,"(60.0, 0.04093567251461991, 0.6647058823529413)",5983,"(43.636363636363626, 0.10280373831775703, 0.20980392156862746)",1225,"(23.99999999999999, 0.18518518518518515, 0.2647058823529412)",811,"[37.50000000000008, 0.033057851239669415, 0.5254901960784313]",21760,1447,0,101386,37,0,217915,5,0,1208,0,0,171,0,0,3,0,0,144,0,0,145,0,0,0,0.0,0.034782608695652174,0.06046511627906969,0.2169312169312169,1.0,41.590813845788055,0.16326812014845457,0.5908077894509929,0.9333333333333333,1401,0.0,3,0.5235294117647059,0.5705882352941176,0.6392156862745098,30211,213,"(60.0, 0.017699115044247725, 0.5568627450980392)",1786,"(46.15384615384608, 0.0622009569377991, 0.5901960784313726)",1557,"(48.00000000000007, 0.023041474654377933, 0.5745098039215686)",1319,"(41.53846153846148, 0.06666666666666672, 0.6176470588235294)",1120
"[FlickrAPI for key ""82fbf72fad4735faa2b9652df0961703""]",50868816562,current_img.jpg,<PIL.JpegImagePlugin.JpegImageFile image mode=RGB size=1539x2048 at 0x2AEB76BBE90>,1539,2048,"[(0, 0, 507, 675), (0, 675, 507, 1372), (0, 1372, 507, 2048), (507, 0, 1031, 675), (507, 675, 1031, 1372), (507, 1372, 1031, 2048), (1031, 0, 1539, 675), (1031, 675, 1539, 1372), (1031, 1372, 1539, 2048)]",1698606362.7350852,4,5086881656204,0.0,239.0,157.44790217698613,10478,0.0,223.0,146.06484026010745,9945,0.0,216.0,132.27680237489398,9297,"(169, 162, 148)",50,"(35.55555555555557, 0.17419354838709672, 0.696078431372549)",214075,"(34.285714285714285, 0.12173913043478261, 0.4509803921568627)",31553,"(38.399999999999956, 0.10460251046025111, 0.5313725490196078)",19725,"(41.25000000000007, 0.15094339622641506, 0.792156862745098)",8089,"(23.4782608695652, 0.10043668122270744, 0.44901960784313727)",7844,"(22.325581395348856, 0.18297872340425533, 0.5392156862745098)",5414,"[39.99999999999998, 0.10880829015544032, 0.6215686274509804]",18123,594,0,138974,1035,0,187596,59,0,3052,0,0,5730,2,0,23,0,0,24,0,0,178,0,0,0,0.0,0.09900990099009907,0.13265306122448972,0.1597633136094674,1.0,37.95409071387692,0.1325871898966909,0.5684007827615072,0.8686274509803922,3,0.041176470588235294,3,0.4980392156862745,0.5745098039215686,0.6450980392156862,6,54,"(40.8, 0.16556291390728475, 0.7039215686274509)",4043,"(40.8, 0.16129032258064516, 0.696078431372549)",2793,"(41.53846153846153, 0.16666666666666663, 0.6941176470588235)",2765,"(40.8, 0.1633986928104575, 0.7)",2671
"[FlickrAPI for key ""82fbf72fad4735faa2b9652df0961703""]",50868816562,current_img.jpg,<PIL.JpegImagePlugin.JpegImageFile image mode=RGB size=1539x2048 at 0x2AEB76BBE90>,1539,2048,"[(0, 0, 507, 675), (0, 675, 507, 1372), (0, 1372, 507, 2048), (507, 0, 1031, 675), (507, 675, 1031, 1372), (507, 1372, 1031, 2048), (1031, 0, 1539, 675), (1031, 675, 1539, 1372), (1031, 1372, 1539, 2048)]",1698606374.4257371,5,5086881656205,0.0,255.0,205.45243519116826,26019,0.0,255.0,183.91469164467128,7423,0.0,253.0,173.151855827045,8739,"(156, 136, 119)",84,"(19.354838709677455, 0.4133333333333331, 0.8529411764705882)",219432,"(22.5, 0.13333333333333333, 0.47058823529411764)",12837,"(191.25, 0.4155844155844155, 0.6980392156862745)",10114,"(191.0, 0.3750000000000001, 0.6862745098039216)",8658,"(12.413793103448274, 0.2416666666666667, 0.5294117647058824)",8543,"(8.076923076923082, 0.20967741935483877, 0.5137254901960784)",7048,"[27.56756756756755, 0.15744680851063836, 0.5392156862745099]",64273,6861,0,248760,5098,2,13881,16,0,1943,0,0,34409,10910,0,252,0,0,297,0,0,1413,0,0,2,0.0,0.23144104803493445,0.4374999999999999,0.6842105263157897,1.0,47.872933274991716,0.47467012445361095,0.7422627756349673,0.996078431372549,24,0.11960784313725491,1,0.6254901960784314,0.7823529411764706,0.8784313725490196,119810,2,"(19.024390243902417, 1.0, 0.919607843137255)",1097,"(20.48780487804879, 1.0, 0.919607843137255)",868,"(18.57142857142855, 1.0, 0.9176470588235295)",847,"(21.000000000000014, 1.0, 0.9215686274509804)",813
"[FlickrAPI for key ""82fbf72fad4735faa2b9652df0961703""]",50868816562,current_img.jpg,<PIL.JpegImagePlugin.JpegImageFile image mode=RGB size=1539x2048 at 0x2AEB76BBE90>,1539,2048,"[(0, 0, 507, 675), (0, 675, 507, 1372), (0, 1372, 507, 2048), (507, 0, 1031, 675), (507, 675, 1031, 1372), (507, 1372, 1031, 2048), (1031, 0, 1539, 675), (1031, 675, 1539, 1372), (1031, 1372, 1539, 2048)]",1698606387.0125928,6,5086881656206,61.0,255.0,191.76867744703915,9887,43.0,255.0,177.37753511902073,9944,0.0,251.0,166.84986336329555,9026,"(116, 107, 96)",17,"(24.615384615384613, 0.2549019607843137, 0.7)",159237,"(30.00000000000004, 0.09734513274336287, 0.5568627450980392)",136847,"(34.615384615384635, 0.1444444444444444, 0.6470588235294117)",18107,"(44.99999999999994, 0.3333333333333333, 0.9058823529411765)",11604,"(90.00000000000014, 0.05555555555555563, 0.7882352941176471)",10316,"(21.818181818181838, 0.05759162303664916, 0.37450980392156863)",6754,"[33.00000000000001, 0.09433962264150944, 0.4156862745098039]",12260,22,0,201647,3,0,126744,224,0,12640,0,0,810,0,0,48,0,0,38,0,0,37,0,0,0,0.0,0.03585657370517932,0.10714285714285729,0.5853658536585367,1.0,35.422196193830835,0.31369631436983386,0.7034913822116768,0.9921568627450981,11,0.18235294117647058,4,0.5588235294117647,0.7196078431372549,0.8568627450980393,100528,0,"(48.00000000000007, 0.023041474654377933, 0.5745098039215686)",1302,"(60.0, 0.02347417840375592, 0.5823529411764705)",1060,"(47.99999999999973, 0.022831050228310557, 0.5705882352941176)",1034,"(48.0, 0.02262443438914019, 0.5666666666666667)",1030
"[FlickrAPI for key ""82fbf72fad4735faa2b9652df0961703""]",50868816562,current_img.jpg,<PIL.JpegImagePlugin.JpegImageFile image mode=RGB size=1539x2048 at 0x2AEB76BBE90>,1539,2048,"[(0, 0, 507, 675), (0, 675, 507, 1372), (0, 1372, 507, 2048), (507, 0, 1031, 675), (507, 675, 1031, 1372), (507, 1372, 1031, 2048), (1031, 0, 1539, 675), (1031, 675, 1539, 1372), (1031, 1372, 1539, 2048)]",1698606396.763806,7,5086881656207,0.0,222.0,131.49582968795568,20326,0.0,206.0,127.2804636920385,18518,0.0,198.0,123.0969932925051,17921,"(139, 135, 132)",6,"(52.50000000000002, 0.04, 0.39215686274509803)",304597,"(34.28571428571427, 0.05109489051094893, 0.26862745098039215)",33899,"(19.99999999999999, 0.2647058823529413, 0.6000000000000001)",1668,"(42.85714285714286, 0.34426229508196726, 0.11960784313725491)",1464,"(15.00000000000032, 0.01754385964912287, 0.5529411764705883)",727,"(44.999999999999986, 0.11764705882352941, 0.6000000000000001)",545,"[25.71428571428572, 0.029288702928870185, 0.5313725490196078]",19074,28,0,198816,143,0,122981,2,0,93,0,0,0,0,0,0,0,0,200,0,0,1736,0,0,0,0.0,0.02904564315352698,0.03252032520325203,0.03734439834024894,1.0,33.67326103432936,0.040683769919296425,0.4991743719943504,0.7921568627450981,3,0.0,5,0.5,0.5235294117647058,0.5411764705882354,0,2071,"(25.71428571428561, 0.02953586497890297, 0.5352941176470589)",6901,"(25.71428571428572, 0.029288702928870185, 0.5313725490196078)",6771,"(25.714285714285857, 0.02904564315352698, 0.5274509803921568)",6530,"(25.71428571428561, 0.029787234042553207, 0.5392156862745099)",6481
"[FlickrAPI for key ""82fbf72fad4735faa2b9652df0961703""]",50868816562,current_img.jpg,<PIL.JpegImagePlugin.JpegImageFile image mode=RGB size=1539x2048 at 0x2AEB76BBE90>,1539,2048,"[(0, 0, 507, 675), (0, 675, 507, 1372), (0, 1372, 507, 2048), (507, 0, 1031, 675), (507, 675, 1031, 1372), (507, 1372, 1031, 2048), (1031, 0, 1539, 675), (1031, 675, 1539, 1372), (1031, 1372, 1539, 2048)]",1698606405.856868,8,5086881656208,0.0,255.0,142.94319863532124,4273,0.0,255.0,129.71585478823755,4588,0.0,254.0,121.68482755114721,5207,"(213, 136, 160)",87,"(54.00000000000002, 0.12195121951219513, 0.16078431372549018)",89372,"(30.00000000000003, 0.11538461538461542, 0.3058823529411765)",45957,"(30.000000000000107, 0.14814814814814806, 0.8941176470588235)",17440,"(21.666666666666675, 0.5294117647058825, 0.8666666666666667)",12823,"(23.333333333333357, 0.1071428571428571, 0.32941176470588235)",12696,"(45.00000000000011, 0.05714285714285734, 0.8627450980392157)",12053,"[341.2987012987013, 0.4782608695652176, 0.6843137254901961]",74078,7359,1,130524,990,0,116324,7298,22,2331,0,0,15060,4503,3,1784,0,0,3106,0,0,10869,296,1,27,0.0,0.0566037735849056,0.11363636363636363,0.24528301886792456,1.0,78.9977479786718,0.1962836637576566,0.5167936804970862,0.9980392156862745,6,0.0,161,0.3627450980392157,0.5078431372549019,0.6745098039215687,26985,12326,"(38.18181818181817, 0.1235955056179775, 0.17450980392156862)",2780,"(41.99999999999998, 0.10416666666666667, 0.18823529411764706)",2695,"(45.00000000000002, 0.15, 0.1568627450980392)",2684,"(44.0, 0.21126760563380287, 0.1392156862745098)",2457
"[FlickrAPI for key ""82fbf72fad4735faa2b9652df0961703""]",50868816562,current_img.jpg,<PIL.JpegImagePlugin.JpegImageFile image mode=RGB size=1539x2048 at 0x2AEB76BBE90>,1539,2048,"[(0, 0, 507, 675), (0, 675, 507, 1372), (0, 1372, 507, 2048), (507, 0, 1031, 675), (507, 675, 1031, 1372), (507, 1372, 1031, 2048), (1031, 0, 1539, 675), (1031, 675, 1539, 1372), (1031, 1372, 1539, 2048)]",1698606419.5765555,9,5086881656209,0.0,251.0,148.66219482365,6410,0.0,251.0,143.9610696314588,6950,0.0,242.0,136.46101721567348,7241,"(78, 76, 72)",52,"(0.0, 0.019108280254777, 0.692156862745098)",102821,"(23.07692307692307, 0.06666666666666665, 0.38235294117647056)",99256,"(39.130434782608695, 0.12994350282485875, 0.6529411764705881)",25414,"(307.5, 0.0879120879120879, 0.3568627450980392)",23151,"(60.0, 0.07801418439716325, 0.7235294117647059)",16703,"(20.000000000000018, 0.09278350515463922, 0.3803921568627451)",11977,"[39.99999999999995, 0.04000000000000004, 0.29411764705882354]",14725,0,0,25754,244,0,234038,5608,28,7425,0,0,830,0,0,93,0,0,3701,0,0,56842,0,0,28,0.0,0.04065040650406501,0.06220095693779903,0.15942028985507228,1.0,100.59457268988355,0.11360197811553802,0.5566222948201786,0.9647058823529411,750,0.0,1,0.3588235294117647,0.5450980392156863,0.7294117647058824,51066,110,"(60.0, 0.027777777777777776, 0.2823529411764706)",3293,"(60.0, 0.028571428571428567, 0.27450980392156865)",3264,"(60.0, 0.02702702702702703, 0.2901960784313725)",3147,"(60.0, 0.026315789473684206, 0.29803921568627456)",2989
"[FlickrAPI for key ""82fbf72fad4735faa2b9652df0961703""]",53134002354,current_img.jpg,<PIL.JpegImagePlugin.JpegImageFile image mode=RGB size=2304x3072 at 0x2AEBA9EA310>,2304,3072,"[(0, 0, 760, 1013), (0, 1013, 760, 2058), (0, 2058, 760, 3072), (760, 0, 1543, 1013), (760, 1013, 1543, 2058), (760, 2058, 1543, 3072), (1543, 0, 2304, 1013), (1543, 1013, 2304, 2058), (1543, 2058, 2304, 3072)]",1698606432.9830284,0,5313400235400,0.0,255.0,164.77104059855142,238197,0.0,255.0,168.11528975875288,580762,0.0,255.0,167.26550589667426,569630,"(98, 96, 90)",51,"(199.28571428571425, 0.4999999999999999, 0.780392156862745)",5790251,"(214.61538461538464, 0.25, 0.7960784313725491)",823615,"(16.799999999999976, 0.13812154696132595, 0.35490196078431374)",200571,"(214.28571428571428, 0.18918918918918903, 0.7823529411764706)",122207,"(212.99999999999991, 0.13513513513513523, 0.7098039215686274)",18568,"(37.49999999999997, 0.07692307692307693, 0.592156862745098)",14923,"[44.99999999999994, 0.0425531914893617, 0.3686274509803922]",342756,14104,0,596615,94444,95,2606196,34103,12,212903,9,0,2378823,60072,0,779395,0,0,58922,0,0,102278,0,0,107,0.0,0.048034934497816616,0.10126582278481014,0.3448275862068966,1.0,123.35405491669223,0.24508583597657463,0.6516018456796338,1.0,445307,0.0,4,0.5058823529411764,0.6431372549019607,0.7705882352941177,1136865,89,"(0.0, 0.0, 1.0)",154493,"(180.0, 1.0, 0.996078431372549)",45095,"(180.0, 1.0, 0.9921568627450981)",40962,"(180.0, 1.0, 0.9901960784313726)",31598
"[FlickrAPI for key ""82fbf72fad4735faa2b9652df0961703""]",53134002354,current_img.jpg,<PIL.JpegImagePlugin.JpegImageFile image mode=RGB size=2304x3072 at 0x2AEBA9EA310>,2304,3072,"[(0, 0, 760, 1013), (0, 1013, 760, 2058), (0, 2058, 760, 3072), (760, 0, 1543, 1013), (760, 1013, 1543, 2058), (760, 2058, 1543, 3072), (1543, 0, 2304, 1013), (1543, 1013, 2304, 2058), (1543, 2058, 2304, 3072)]",1698606616.95405,1,5313400235401,87.0,255.0,210.7088572245025,46968,96.0,255.0,231.52122668467814,340750,93.0,255.0,240.59612537018756,323074,"(255, 255, 255)",2,"(199.28571428571425, 0.4999999999999999, 0.780392156862745)",768686,"(193.7142857142857, 0.2229299363057324, 0.692156862745098)",1194,,0,,0,,0,,0,"[0.0, 0.0, 1.0]",46893,0,0,0,0,0,40,0,0,434,0,0,722213,24681,0,51,0,0,209,0,0,40,0,0,0,0.0,0.5045871559633027,0.6986301369863019,1.0,1.0,179.13580389325992,0.6953149011244776,0.8851472854949631,1.0,239673,0.3588235294117647,2,0.8,0.907843137254902,0.9901960784313726,461079,0,"(0.0, 0.0, 1.0)",46888,"(180.0, 1.0, 0.996078431372549)",39493,"(180.0, 1.0, 0.9921568627450981)",38047,"(180.0, 1.0, 0.9901960784313726)",28870
"[FlickrAPI for key ""82fbf72fad4735faa2b9652df0961703""]",53134002354,current_img.jpg,<PIL.JpegImagePlugin.JpegImageFile image mode=RGB size=2304x3072 at 0x2AEBA9EA310>,2304,3072,"[(0, 0, 760, 1013), (0, 1013, 760, 2058), (0, 2058, 760, 3072), (760, 0, 1543, 1013), (760, 1013, 1543, 2058), (760, 2058, 1543, 3072), (1543, 0, 2304, 1013), (1543, 1013, 2304, 2058), (1543, 2058, 2304, 3072)]",1698606635.7103047,2,5313400235402,53.0,252.0,154.965,32876,50.0,255.0,171.22208511709897,18531,34.0,255.0,178.45075044069503,13887,"(169, 195, 214)",15,"(180.0, 1.0, 0.9862745098039216)",496793,"(170.00000000000003, 0.02362204724409446, 0.4980392156862745)",240974,"(25.71428571428561, 0.037037037037037056, 0.6294117647058823)",23372,"(41.53846153846148, 0.053497942386831324, 0.5235294117647059)",14866,"(46.66666666666671, 0.04615384615384613, 0.6176470588235294)",8909,"(38.57142857142861, 0.0833333333333332, 0.6705882352941177)",2300,"[205.33333333333334, 0.35433070866141747, 0.7509803921568627]",2128,0,0,43553,0,0,248393,0,0,32956,0,0,465700,35391,0,974,0,0,327,0,0,169,0,0,0,0.0,0.03389830508474576,0.27407407407407414,0.4173228346456692,1.0,139.61103563446198,0.2538951815068612,0.6542006557344674,0.9941176470588236,5827,0.17058823529411765,1,0.5196078431372548,0.6980392156862745,0.7529411764705882,38859,0,"(203.15789473684214, 0.4789915966386554, 0.7666666666666666)",1839,"(203.72093023255815, 0.2925170068027209, 0.7117647058823529)",1769,"(203.1818181818182, 0.2857142857142856, 0.6980392156862745)",1708,"(180.0, 1.0, 0.9823529411764707)",1702
"[FlickrAPI for key ""82fbf72fad4735faa2b9652df0961703""]",53134002354,current_img.jpg,<PIL.JpegImagePlugin.JpegImageFile image mode=RGB size=2304x3072 at 0x2AEBA9EA310>,2304,3072,"[(0, 0, 760, 1013), (0, 1013, 760, 2058), (0, 2058, 760, 3072), (760, 0, 1543, 1013), (760, 1013, 1543, 2058), (760, 2058, 1543, 3072), (1543, 0, 2304, 1013), (1543, 1013, 2304, 2058), (1543, 2058, 2304, 3072)]",1698606658.5790548,3,5313400235403,66.0,255.0,180.0557354925776,47815,34.0,255.0,171.28311403508772,34129,0.0,253.0,145.5135238243538,22075,"(240, 230, 162)",3,"(70.0000000000001, 0.028037383177570124, 0.4196078431372549)",538994,"(18.461538461538456, 0.1444444444444445, 0.3529411764705882)",197893,"(223.6363636363636, 0.1466666666666667, 0.7058823529411764)",33753,,0,,0,,0,"[52.307692307692314, 0.7222222222222222, 0.788235294117647]",18185,11582,0,212943,94431,95,422673,34103,12,80628,9,0,5194,0,0,30168,0,0,641,0,0,208,0,0,107,0.0,0.12562814070351758,0.28275862068965507,0.6049382716049383,1.0,57.00241426731207,0.3710878516308055,0.6454619537008203,0.996078431372549,45717,0.12941176470588237,1,0.4549019607843137,0.6784313725490196,0.7568627450980392,96575,3,"(60.0, 1.0, 0.9882352941176471)",20002,"(60.0, 1.0, 0.9901960784313726)",7056,"(43.19999999999998, 0.12562814070351758, 0.39019607843137255)",6614,"(41.53846153846155, 0.13265306122448983, 0.38431372549019605)",6375
"[FlickrAPI for key ""82fbf72fad4735faa2b9652df0961703""]",53134002354,current_img.jpg,<PIL.JpegImagePlugin.JpegImageFile image mode=RGB size=2304x3072 at 0x2AEBA9EA310>,2304,3072,"[(0, 0, 760, 1013), (0, 1013, 760, 2058), (0, 2058, 760, 3072), (760, 0, 1543, 1013), (760, 1013, 1543, 2058), (760, 2058, 1543, 3072), (1543, 0, 2304, 1013), (1543, 1013, 2304, 2058), (1543, 2058, 2304, 3072)]",1698606678.6976187,4,5313400235404,53.0,255.0,135.66153037334573,27777,56.0,255.0,145.3874875658584,29009,61.0,255.0,149.32657697694972,28688,"(112, 117, 120)",6,"(182.60869565217394, 0.0995670995670996, 0.5470588235294118)",735524,"(180.0, 0.3333333333333333, 0.9941176470588236)",29877,"(215.55555555555554, 0.262135922330097, 0.7980392156862746)",25470,"(230.99999999999997, 0.0819672131147541, 0.5215686274509804)",891,"(219.13043478260872, 0.12568306010928965, 0.6411764705882352)",756,"(222.22222222222226, 0.12000000000000008, 0.5588235294117647)",661,"[202.5, 0.034482758620689655, 0.4549019607843137]",26994,0,0,6,0,0,790,0,0,23121,0,0,627794,0,0,113701,0,0,616,0,0,157,0,0,0,0.0,0.025380710659898463,0.05084745762711864,0.11312217194570133,1.0,183.5795682280619,0.09675534917457353,0.5595439043517341,1.0,29393,0.2235294117647059,1,0.4470588235294118,0.49411764705882355,0.6529411764705882,45574,0,"(0.0, 0.0, 1.0)",25965,"(188.57142857142867, 0.03286384976525823, 0.4176470588235294)",3862,"(188.57142857142867, 0.03414634146341465, 0.4019607843137255)",3824,"(197.14285714285708, 0.03317535545023692, 0.4137254901960784)",3818
"[FlickrAPI for key ""82fbf72fad4735faa2b9652df0961703""]",53134002354,current_img.jpg,<PIL.JpegImagePlugin.JpegImageFile image mode=RGB size=2304x3072 at 0x2AEBA9EA310>,2304,3072,"[(0, 0, 760, 1013), (0, 1013, 760, 2058), (0, 2058, 760, 3072), (760, 0, 1543, 1013), (760, 1013, 1543, 2058), (760, 2058, 1543, 3072), (1543, 0, 2304, 1013), (1543, 1013, 2304, 2058), (1543, 2058, 2304, 3072)]",1698606698.6931555,5,5313400235405,0.0,229.0,118.39326477112321,24086,0.0,228.0,118.57766411849896,25570,0.0,230.0,115.44273711097668,28355,"(101, 99, 93)",5,"(0.0, 0.0, 0.5333333333333333)",812327,"(20.00000000000019, 0.018181818181818205, 0.32352941176470584)",2535,"(222.85714285714292, 0.037433155080213845, 0.3666666666666667)",1721,"(221.99999999999997, 0.09009009009009009, 0.43529411764705883)",1109,"(23.999999999999936, 0.025641025641025623, 0.38235294117647056)",543,,0,"[45.00000000000005, 0.041237113402061855, 0.3803921568627451]",35379,0,0,69804,0,0,450478,0,0,59899,0,0,113973,0,0,71442,0,0,9747,0,0,7513,0,0,0,0.0,0.017543859649122827,0.030303030303030318,0.04522613065326631,1.0,88.18249572214303,0.0354889353207613,0.4598900718512121,0.8941176470588235,1,0.0,3,0.3607843137254902,0.4235294117647059,0.5470588235294118,231,32,"(150.0000000000001, 0.022988505747126436, 0.3411764705882353)",7395,"(139.99999999999991, 0.017543859649122827, 0.33529411764705885)",7040,"(51.428571428571466, 0.035175879396984945, 0.39019607843137255)",6649,"(159.9999999999998, 0.016949152542372902, 0.34705882352941175)",6523
"[FlickrAPI for key ""82fbf72fad4735faa2b9652df0961703""]",53134002354,current_img.jpg,<PIL.JpegImagePlugin.JpegImageFile image mode=RGB size=2304x3072 at 0x2AEBA9EA310>,2304,3072,"[(0, 0, 760, 1013), (0, 1013, 760, 2058), (0, 2058, 760, 3072), (760, 0, 1543, 1013), (760, 1013, 1543, 2058), (760, 2058, 1543, 3072), (1543, 0, 2304, 1013), (1543, 1013, 2304, 2058), (1543, 2058, 2304, 3072)]",1698606719.3923874,6,5313400235406,50.0,255.0,140.67020965738914,29258,39.0,255.0,135.03231766759617,23885,28.0,249.0,145.11431655419278,33004,"(96, 102, 117)",4,"(97.49999999999997, 0.0689655172413793, 0.5450980392156862)",566346,"(60.0, 0.017699115044247725, 0.5568627450980392)",149029,"(37.50000000000008, 0.05405405405405406, 0.7098039215686274)",76938,"(27.6923076923077, 0.0513833992094862, 0.49607843137254903)",1649,,0,,0,"[222.85714285714283, 0.09859154929577464, 0.41764705882352937]",89445,1475,0,57504,0,0,166240,0,0,6505,0,0,5936,0,0,373404,0,0,14061,0,0,80867,0,0,0,0.0,0.08597285067873305,0.11764705882352947,0.17842323651452283,1.0,194.5637580374633,0.1632055087837508,0.555545605457188,0.9882352941176471,13597,0.22941176470588237,3,0.4392156862745098,0.5568627450980392,0.615686274509804,55406,0,"(34.28571428571427, 0.06730769230769235, 0.592156862745098)",4795,"(34.28571428571427, 0.06666666666666671, 0.5882352941176471)",4673,"(35.99999999999998, 0.07246376811594205, 0.5941176470588235)",4552,"(38.57142857142854, 0.06603773584905664, 0.5843137254901961)",4192
"[FlickrAPI for key ""82fbf72fad4735faa2b9652df0961703""]",53134002354,current_img.jpg,<PIL.JpegImagePlugin.JpegImageFile image mode=RGB size=2304x3072 at 0x2AEBA9EA310>,2304,3072,"[(0, 0, 760, 1013), (0, 1013, 760, 2058), (0, 2058, 760, 3072), (760, 0, 1543, 1013), (760, 1013, 1543, 2058), (760, 2058, 1543, 3072), (1543, 0, 2304, 1013), (1543, 1013, 2304, 2058), (1543, 2058, 2304, 3072)]",1698606739.6879923,7,5313400235407,0.0,255.0,208.0302895473172,95665,0.0,255.0,216.58908694202697,147754,50.0,255.0,226.09905006271947,203580,"(210, 224, 243)",9,"(0.0, 0.0, 1.0)",543275,"(215.17241379310346, 0.30526315789473696, 0.8137254901960784)",180379,"(214.28571428571428, 0.1926605504587154, 0.7862745098039216)",33562,"(218.57142857142864, 0.06603773584905664, 0.5843137254901961)",5027,"(348.38709677419354, 0.26956521739130446, 0.7745098039215687)",3866,"(212.30769230769232, 0.07975460122699395, 0.6803921568627451)",2136,"[214.54545454545453, 0.5789473684210523, 0.888235294117647]",90156,85,0,7862,0,0,51789,0,0,6010,0,0,427956,0,0,169117,0,0,12850,0,0,5153,0,0,0,0.0,0.07058823529411756,0.34939759036144585,0.8181818181818181,1.0,174.64106754788256,0.42890648015543964,0.8512437943436266,1.0,126046,0.09803921568627451,1,0.7509803921568627,0.8666666666666667,0.9490196078431372,423128,1,"(0.0, 0.0, 1.0)",81449,"(60.0, 1.0, 0.9980392156862745)",7389,"(180.0, 1.0, 0.9980392156862745)",6175,"(214.83870967741933, 0.4133333333333331, 0.8529411764705882)",5142
"[FlickrAPI for key ""82fbf72fad4735faa2b9652df0961703""]",53134002354,current_img.jpg,<PIL.JpegImagePlugin.JpegImageFile image mode=RGB size=2304x3072 at 0x2AEBA9EA310>,2304,3072,"[(0, 0, 760, 1013), (0, 1013, 760, 2058), (0, 2058, 760, 3072), (760, 0, 1543, 1013), (760, 1013, 1543, 2058), (760, 2058, 1543, 3072), (1543, 0, 2304, 1013), (1543, 1013, 2304, 2058), (1543, 2058, 2304, 3072)]",1698606758.021152,8,5313400235408,0.0,240.0,168.08519261359706,43090,0.0,252.0,162.36738740891172,49769,0.0,255.0,153.65491515193432,58907,"(184, 173, 159)",8,"(240.0, 0.019108280254777, 0.692156862745098)",750590,"(216.0, 0.13888888888888878, 0.7176470588235294)",19156,"(329.9999999999998, 0.009803921568627486, 0.4)",13386,"(6.000000000000012, 0.39682539682539686, 0.7529411764705882)",6429,"(2.3076923076922995, 0.40625, 0.7490196078431373)",3093,"(231.42857142857144, 0.0344827586206896, 0.39803921568627454)",1187,"[33.60000000000002, 0.14970059880239522, 0.6725490196078432]",31025,958,0,135677,0,0,569456,0,0,1654,0,0,9239,0,0,20234,0,0,20227,0,0,7733,0,0,0,0.0,0.05172413793103442,0.08457711442786067,0.11764705882352952,1.0,52.83310248899743,0.0869122766577379,0.6308187475582504,0.9666666666666667,15,0.0,1,0.611764705882353,0.6392156862745098,0.6725490196078432,742,28,"(38.181818181818166, 0.12499999999999988, 0.6549019607843137)",7207,"(42.00000000000005, 0.10526315789473675, 0.6274509803921569)",6591,"(39.000000000000064, 0.10638297872340416, 0.6313725490196078)",6532,"(38.57142857142854, 0.07216494845360828, 0.6196078431372549)",6248
"[FlickrAPI for key ""82fbf72fad4735faa2b9652df0961703""]",53134002354,current_img.jpg,<PIL.JpegImagePlugin.JpegImageFile image mode=RGB size=2304x3072 at 0x2AEBA9EA310>,2304,3072,"[(0, 0, 760, 1013), (0, 1013, 760, 2058), (0, 2058, 760, 3072), (760, 0, 1543, 1013), (760, 1013, 1543, 2058), (760, 2058, 1543, 3072), (1543, 0, 2304, 1013), (1543, 1013, 2304, 2058), (1543, 2058, 2304, 3072)]",1698606778.6333845,9,5313400235409,21.0,255.0,171.03117070604182,78964,0.0,255.0,165.92066003675222,86025,0.0,255.0,155.7479388430566,79641,"(170, 165, 152)",11,"(41.99999999999993, 0.05263157894736852, 0.6274509803921569)",741965,"(52.000000000000014, 0.6521739130434779, 0.9549019607843137)",7408,"(43.636363636363676, 0.5789473684210524, 0.9627450980392156)",5658,"(14.999999999999947, 0.019230769230769232, 0.40784313725490196)",3980,"(36.00000000000007, 0.022026431718061658, 0.44509803921568625)",3453,"(50.76923076923081, 0.8666666666666671, 0.9705882352941176)",1822,"[43.333333333333385, 0.09574468085106377, 0.6313725490196078]",2551,4,0,69266,13,0,696337,0,0,1696,0,0,818,0,0,304,0,0,244,0,0,438,0,0,0,0.0,0.07526881720430109,0.08333333333333331,0.09604519774011297,1.0,40.7943936599003,0.0993233201669454,0.6407673214506329,1.0,5469,0.041176470588235294,1,0.6215686274509804,0.6352941176470588,0.6529411764705882,15271,25,"(42.85714285714293, 0.074468085106383, 0.6313725490196078)",14160,"(38.57142857142866, 0.07526881720430109, 0.6352941176470588)",14039,"(42.857142857142804, 0.07368421052631581, 0.6274509803921569)",13383,"(38.57142857142861, 0.076086956521739, 0.6392156862745098)",12431
